Id,Reputation,CreationDate,Views,UpVotes,DownVotes
184,101,2010-07-20 03:09:14,3,3,0
184,101,2010-07-20 03:09:14,3,3,0
184,101,2010-07-20 03:09:14,3,3,0
184,101,2010-07-20 03:09:14,3,3,0
184,101,2010-07-20 03:09:14,3,3,0
188,211,2010-07-20 03:49:17,19,2,0
188,211,2010-07-20 03:49:17,19,2,0
188,211,2010-07-20 03:49:17,19,2,0
188,211,2010-07-20 03:49:17,19,2,0
188,211,2010-07-20 03:49:17,19,2,0
188,211,2010-07-20 03:49:17,19,2,0
188,211,2010-07-20 03:49:17,19,2,0
188,211,2010-07-20 03:49:17,19,2,0
188,211,2010-07-20 03:49:17,19,2,0
266,1272,2010-07-22 10:01:15,335,108,1
266,1272,2010-07-22 10:01:15,335,108,1
266,1272,2010-07-22 10:01:15,335,108,1
266,1272,2010-07-22 10:01:15,335,108,1
266,1272,2010-07-22 10:01:15,335,108,1
266,1272,2010-07-22 10:01:15,335,108,1
266,1272,2010-07-22 10:01:15,335,108,1
344,101,2010-07-26 21:12:37,0,0,0
344,101,2010-07-26 21:12:37,0,0,0
344,101,2010-07-26 21:12:37,0,0,0
368,369,2010-07-27 00:09:51,18,5,0
368,369,2010-07-27 00:09:51,18,5,0
368,369,2010-07-27 00:09:51,18,5,0
495,2092,2010-07-27 17:22:39,272,32,4
495,2092,2010-07-27 17:22:39,272,32,4
573,365,2010-07-28 23:56:00,40,260,0
573,365,2010-07-28 23:56:00,40,260,0
618,101,2010-07-30 08:50:23,2,0,0
618,101,2010-07-30 08:50:23,2,0,0
618,101,2010-07-30 08:50:23,2,0,0
1028,360,2010-08-20 20:37:32,45,30,2
1028,360,2010-08-20 20:37:32,45,30,2
1028,360,2010-08-20 20:37:32,45,30,2
1028,360,2010-08-20 20:37:32,45,30,2
1028,360,2010-08-20 20:37:32,45,30,2
1028,360,2010-08-20 20:37:32,45,30,2
1293,101,2010-09-15 21:57:00,0,0,0
1293,101,2010-09-15 21:57:00,0,0,0
1342,106,2010-09-17 16:31:43,7,0,0
1342,106,2010-09-17 16:31:43,7,0,0
1342,106,2010-09-17 16:31:43,7,0,0
1342,106,2010-09-17 16:31:43,7,0,0
1855,101,2010-11-05 23:20:04,2,0,0
1855,101,2010-11-05 23:20:04,2,0,0
1855,101,2010-11-05 23:20:04,2,0,0
1855,101,2010-11-05 23:20:04,2,0,0
2411,101,2010-12-17 03:07:24,0,0,0
2411,101,2010-12-17 03:07:24,0,0,0
2411,101,2010-12-17 03:07:24,0,0,0
2411,101,2010-12-17 03:07:24,0,0,0
2411,101,2010-12-17 03:07:24,0,0,0
2411,101,2010-12-17 03:07:24,0,0,0
2411,101,2010-12-17 03:07:24,0,0,0
2483,101,2010-12-22 11:42:20,0,0,0
2483,101,2010-12-22 11:42:20,0,0,0
2622,179,2011-01-03 21:26:46,13,24,0
2622,179,2011-01-03 21:26:46,13,24,0
2622,179,2011-01-03 21:26:46,13,24,0
2622,179,2011-01-03 21:26:46,13,24,0
2692,101,2011-01-07 17:23:13,0,0,0
2692,101,2011-01-07 17:23:13,0,0,0
2692,101,2011-01-07 17:23:13,0,0,0
2933,26,2011-01-26 20:29:30,1,0,0
2933,26,2011-01-26 20:29:30,1,0,0
2933,26,2011-01-26 20:29:30,1,0,0
2933,26,2011-01-26 20:29:30,1,0,0
2933,26,2011-01-26 20:29:30,1,0,0
2933,26,2011-01-26 20:29:30,1,0,0
2933,26,2011-01-26 20:29:30,1,0,0
2933,26,2011-01-26 20:29:30,1,0,0
3111,147,2011-02-08 18:11:37,18,0,0
3111,147,2011-02-08 18:11:37,18,0,0
3111,147,2011-02-08 18:11:37,18,0,0
3111,147,2011-02-08 18:11:37,18,0,0
3111,147,2011-02-08 18:11:37,18,0,0
3172,46,2011-02-12 19:22:47,12,3,0
3172,46,2011-02-12 19:22:47,12,3,0
3801,101,2011-03-20 02:43:15,3,5,0
3801,101,2011-03-20 02:43:15,3,5,0
3891,51,2011-03-24 23:07:21,9,2,0
3891,51,2011-03-24 23:07:21,9,2,0
3978,101,2011-03-31 14:20:00,0,0,0
3978,101,2011-03-31 14:20:00,0,0,0
3978,101,2011-03-31 14:20:00,0,0,0
3978,101,2011-03-31 14:20:00,0,0,0
3978,101,2011-03-31 14:20:00,0,0,0
3978,101,2011-03-31 14:20:00,0,0,0
4017,101,2011-04-04 00:14:43,0,0,0
4017,101,2011-04-04 00:14:43,0,0,0
4083,138,2011-04-08 18:48:34,19,6,0
4083,138,2011-04-08 18:48:34,19,6,0
4083,138,2011-04-08 18:48:34,19,6,0
4083,138,2011-04-08 18:48:34,19,6,0
4083,138,2011-04-08 18:48:34,19,6,0
4083,138,2011-04-08 18:48:34,19,6,0
4302,101,2011-04-24 09:12:05,0,0,0
4302,101,2011-04-24 09:12:05,0,0,0
4302,101,2011-04-24 09:12:05,0,0,0
4302,101,2011-04-24 09:12:05,0,0,0
4302,101,2011-04-24 09:12:05,0,0,0
4302,101,2011-04-24 09:12:05,0,0,0
4302,101,2011-04-24 09:12:05,0,0,0
4302,101,2011-04-24 09:12:05,0,0,0
4465,1,2011-05-04 16:10:43,0,0,0
4465,1,2011-05-04 16:10:43,0,0,0
4465,1,2011-05-04 16:10:43,0,0,0
4465,1,2011-05-04 16:10:43,0,0,0
4465,1,2011-05-04 16:10:43,0,0,0
4465,1,2011-05-04 16:10:43,0,0,0
4501,101,2011-05-06 21:56:30,0,0,0
4501,101,2011-05-06 21:56:30,0,0,0
4501,101,2011-05-06 21:56:30,0,0,0
4693,145,2011-05-20 14:43:53,10,2,0
4693,145,2011-05-20 14:43:53,10,2,0
4693,145,2011-05-20 14:43:53,10,2,0
4852,101,2011-06-02 09:51:00,1,0,0
4852,101,2011-06-02 09:51:00,1,0,0
4852,101,2011-06-02 09:51:00,1,0,0
5402,51,2011-07-15 03:15:54,5,0,0
5402,51,2011-07-15 03:15:54,5,0,0
5453,41,2011-07-18 12:33:01,5,1,0
5453,41,2011-07-18 12:33:01,5,1,0
5453,41,2011-07-18 12:33:01,5,1,0
5453,41,2011-07-18 12:33:01,5,1,0
5453,41,2011-07-18 12:33:01,5,1,0
5516,1,2011-07-22 19:50:21,0,0,0
5516,1,2011-07-22 19:50:21,0,0,0
5516,1,2011-07-22 19:50:21,0,0,0
5551,1,2011-07-26 14:18:56,0,0,0
5551,1,2011-07-26 14:18:56,0,0,0
5551,1,2011-07-26 14:18:56,0,0,0
5551,1,2011-07-26 14:18:56,0,0,0
5605,113,2011-07-30 17:13:53,1,0,0
5605,113,2011-07-30 17:13:53,1,0,0
5605,113,2011-07-30 17:13:53,1,0,0
5650,101,2011-08-02 16:54:00,2,0,0
5650,101,2011-08-02 16:54:00,2,0,0
5650,101,2011-08-02 16:54:00,2,0,0
5650,101,2011-08-02 16:54:00,2,0,0
5650,101,2011-08-02 16:54:00,2,0,0
5650,101,2011-08-02 16:54:00,2,0,0
5650,101,2011-08-02 16:54:00,2,0,0
5686,6,2011-08-04 13:47:47,1,0,0
5686,6,2011-08-04 13:47:47,1,0,0
5686,6,2011-08-04 13:47:47,1,0,0
5686,6,2011-08-04 13:47:47,1,0,0
5865,73,2011-08-17 06:47:19,12,3,0
5865,73,2011-08-17 06:47:19,12,3,0
5865,73,2011-08-17 06:47:19,12,3,0
5865,73,2011-08-17 06:47:19,12,3,0
5904,1,2011-08-20 11:38:52,1,0,0
5904,1,2011-08-20 11:38:52,1,0,0
5904,1,2011-08-20 11:38:52,1,0,0
5904,1,2011-08-20 11:38:52,1,0,0
5904,1,2011-08-20 11:38:52,1,0,0
5904,1,2011-08-20 11:38:52,1,0,0
5971,101,2011-08-24 19:40:02,5,0,0
5971,101,2011-08-24 19:40:02,5,0,0
5971,101,2011-08-24 19:40:02,5,0,0
5971,101,2011-08-24 19:40:02,5,0,0
6111,6,2011-08-31 21:09:15,7,0,0
6111,6,2011-08-31 21:09:15,7,0,0
6111,6,2011-08-31 21:09:15,7,0,0
6111,6,2011-08-31 21:09:15,7,0,0
6111,6,2011-08-31 21:09:15,7,0,0
6258,101,2011-09-11 08:47:51,4,0,0
6258,101,2011-09-11 08:47:51,4,0,0
6258,101,2011-09-11 08:47:51,4,0,0
6258,101,2011-09-11 08:47:51,4,0,0
6260,1,2011-09-11 12:43:31,1,0,0
6260,1,2011-09-11 12:43:31,1,0,0
6260,1,2011-09-11 12:43:31,1,0,0
6532,21,2011-09-27 19:36:54,2,0,0
6532,21,2011-09-27 19:36:54,2,0,0
6532,21,2011-09-27 19:36:54,2,0,0
6836,11,2011-10-14 08:19:33,0,0,0
6836,11,2011-10-14 08:19:33,0,0,0
6836,11,2011-10-14 08:19:33,0,0,0
6890,118,2011-10-17 16:03:38,3,2,0
6890,118,2011-10-17 16:03:38,3,2,0
6917,462,2011-10-18 17:03:59,52,97,1
6917,462,2011-10-18 17:03:59,52,97,1
6917,462,2011-10-18 17:03:59,52,97,1
6917,462,2011-10-18 17:03:59,52,97,1
6917,462,2011-10-18 17:03:59,52,97,1
6917,462,2011-10-18 17:03:59,52,97,1
6917,462,2011-10-18 17:03:59,52,97,1
6917,462,2011-10-18 17:03:59,52,97,1
6917,462,2011-10-18 17:03:59,52,97,1
6989,101,2011-10-22 02:39:29,0,0,0
6989,101,2011-10-22 02:39:29,0,0,0
6989,101,2011-10-22 02:39:29,0,0,0
6989,101,2011-10-22 02:39:29,0,0,0
6989,101,2011-10-22 02:39:29,0,0,0
6989,101,2011-10-22 02:39:29,0,0,0
6989,101,2011-10-22 02:39:29,0,0,0
6989,101,2011-10-22 02:39:29,0,0,0
7087,21,2011-10-27 10:06:46,1,0,0
7087,21,2011-10-27 10:06:46,1,0,0
7099,226,2011-10-28 13:04:32,19,3,0
7171,3,2011-11-01 19:18:01,2,0,0
7171,3,2011-11-01 19:18:01,2,0,0
7171,3,2011-11-01 19:18:01,2,0,0
7203,41,2011-11-04 01:10:13,0,0,0
7203,41,2011-11-04 01:10:13,0,0,0
7203,41,2011-11-04 01:10:13,0,0,0
7732,31,2011-12-01 19:58:54,3,0,0
7732,31,2011-12-01 19:58:54,3,0,0
7732,31,2011-12-01 19:58:54,3,0,0
7732,31,2011-12-01 19:58:54,3,0,0
7732,31,2011-12-01 19:58:54,3,0,0
7732,31,2011-12-01 19:58:54,3,0,0
7941,26,2011-12-12 01:54:21,1,2,0
7941,26,2011-12-12 01:54:21,1,2,0
7941,26,2011-12-12 01:54:21,1,2,0
7957,1,2011-12-12 20:37:39,0,0,0
7957,1,2011-12-12 20:37:39,0,0,0
8298,1,2012-01-02 11:12:43,0,0,0
8298,1,2012-01-02 11:12:43,0,0,0
8298,1,2012-01-02 11:12:43,0,0,0
8495,101,2012-01-12 17:08:02,1,8,0
8495,101,2012-01-12 17:08:02,1,8,0
8495,101,2012-01-12 17:08:02,1,8,0
8495,101,2012-01-12 17:08:02,1,8,0
8495,101,2012-01-12 17:08:02,1,8,0
8626,101,2012-01-19 19:42:26,0,5,0
8626,101,2012-01-19 19:42:26,0,5,0
8626,101,2012-01-19 19:42:26,0,5,0
8660,1,2012-01-21 14:12:36,1,0,0
8660,1,2012-01-21 14:12:36,1,0,0
8660,1,2012-01-21 14:12:36,1,0,0
8770,6,2012-01-26 23:40:12,0,0,0
8770,6,2012-01-26 23:40:12,0,0,0
9070,1,2012-02-09 04:36:35,2,0,0
9178,1,2012-02-13 20:25:57,2,0,0
9178,1,2012-02-13 20:25:57,2,0,0
9178,1,2012-02-13 20:25:57,2,0,0
9178,1,2012-02-13 20:25:57,2,0,0
9178,1,2012-02-13 20:25:57,2,0,0
9203,159,2012-02-14 17:27:06,16,5,0
9203,159,2012-02-14 17:27:06,16,5,0
9203,159,2012-02-14 17:27:06,16,5,0
9203,159,2012-02-14 17:27:06,16,5,0
9203,159,2012-02-14 17:27:06,16,5,0
9248,151,2012-02-16 03:06:32,4,0,0
9248,151,2012-02-16 03:06:32,4,0,0
9248,151,2012-02-16 03:06:32,4,0,0
9248,151,2012-02-16 03:06:32,4,0,0
9248,151,2012-02-16 03:06:32,4,0,0
9248,151,2012-02-16 03:06:32,4,0,0
9248,151,2012-02-16 03:06:32,4,0,0
9248,151,2012-02-16 03:06:32,4,0,0
9291,21,2012-02-18 17:20:31,7,0,0
9291,21,2012-02-18 17:20:31,7,0,0
9291,21,2012-02-18 17:20:31,7,0,0
9441,1,2012-02-26 09:58:49,0,0,0
9441,1,2012-02-26 09:58:49,0,0,0
9441,1,2012-02-26 09:58:49,0,0,0
9441,1,2012-02-26 09:58:49,0,0,0
9571,83,2012-03-02 21:40:24,14,0,0
9571,83,2012-03-02 21:40:24,14,0,0
9582,101,2012-03-03 16:16:39,0,3,0
9582,101,2012-03-03 16:16:39,0,3,0
9582,101,2012-03-03 16:16:39,0,3,0
9617,121,2012-03-05 17:54:03,4,8,0
9617,121,2012-03-05 17:54:03,4,8,0
9617,121,2012-03-05 17:54:03,4,8,0
9617,121,2012-03-05 17:54:03,4,8,0
9617,121,2012-03-05 17:54:03,4,8,0
9705,41,2012-03-08 22:49:37,0,0,0
9705,41,2012-03-08 22:49:37,0,0,0
9705,41,2012-03-08 22:49:37,0,0,0
10096,113,2012-03-25 00:19:35,5,0,0
10096,113,2012-03-25 00:19:35,5,0,0
10096,113,2012-03-25 00:19:35,5,0,0
10096,113,2012-03-25 00:19:35,5,0,0
10096,113,2012-03-25 00:19:35,5,0,0
10096,113,2012-03-25 00:19:35,5,0,0
10124,6,2012-03-26 11:50:49,2,0,0
10124,6,2012-03-26 11:50:49,2,0,0
10124,6,2012-03-26 11:50:49,2,0,0
10138,16,2012-03-26 20:31:02,0,0,0
10138,16,2012-03-26 20:31:02,0,0,0
10138,16,2012-03-26 20:31:02,0,0,0
10138,16,2012-03-26 20:31:02,0,0,0
10138,16,2012-03-26 20:31:02,0,0,0
10179,16,2012-03-28 09:09:23,0,0,0
10179,16,2012-03-28 09:09:23,0,0,0
10179,16,2012-03-28 09:09:23,0,0,0
10179,16,2012-03-28 09:09:23,0,0,0
10254,1,2012-03-30 21:30:16,1,0,0
10254,1,2012-03-30 21:30:16,1,0,0
10254,1,2012-03-30 21:30:16,1,0,0
10254,1,2012-03-30 21:30:16,1,0,0
10254,1,2012-03-30 21:30:16,1,0,0
10544,1,2012-04-11 20:16:48,1,0,0
10544,1,2012-04-11 20:16:48,1,0,0
10894,1,2012-04-26 10:38:14,0,0,0
11235,11,2012-05-10 15:20:17,2,0,0
11235,11,2012-05-10 15:20:17,2,0,0
11235,11,2012-05-10 15:20:17,2,0,0
11235,11,2012-05-10 15:20:17,2,0,0
11235,11,2012-05-10 15:20:17,2,0,0
11426,1,2012-05-19 15:51:43,1,0,0
11426,1,2012-05-19 15:51:43,1,0,0
11426,1,2012-05-19 15:51:43,1,0,0
11426,1,2012-05-19 15:51:43,1,0,0
11634,545,2012-05-29 23:41:32,45,100,2
11634,545,2012-05-29 23:41:32,45,100,2
11728,16,2012-06-03 12:02:30,1,0,0
11728,16,2012-06-03 12:02:30,1,0,0
11728,16,2012-06-03 12:02:30,1,0,0
11728,16,2012-06-03 12:02:30,1,0,0
11920,1,2012-06-11 17:17:29,1,0,0
11920,1,2012-06-11 17:17:29,1,0,0
11920,1,2012-06-11 17:17:29,1,0,0
12183,1,2012-06-24 14:14:19,0,0,0
12183,1,2012-06-24 14:14:19,0,0,0
12183,1,2012-06-24 14:14:19,0,0,0
12183,1,2012-06-24 14:14:19,0,0,0
12183,1,2012-06-24 14:14:19,0,0,0
12224,101,2012-06-26 20:43:17,0,0,0
12224,101,2012-06-26 20:43:17,0,0,0
12224,101,2012-06-26 20:43:17,0,0,0
12224,101,2012-06-26 20:43:17,0,0,0
12233,306,2012-06-27 04:46:09,22,0,0
12299,21,2012-06-29 13:43:04,2,0,0
12299,21,2012-06-29 13:43:04,2,0,0
12299,21,2012-06-29 13:43:04,2,0,0
12373,86,2012-07-03 13:58:54,12,0,0
12373,86,2012-07-03 13:58:54,12,0,0
12373,86,2012-07-03 13:58:54,12,0,0
12420,31,2012-07-05 08:11:58,3,0,0
12420,31,2012-07-05 08:11:58,3,0,0
12420,31,2012-07-05 08:11:58,3,0,0
12420,31,2012-07-05 08:11:58,3,0,0
12420,31,2012-07-05 08:11:58,3,0,0
12420,31,2012-07-05 08:11:58,3,0,0
12420,31,2012-07-05 08:11:58,3,0,0
12420,31,2012-07-05 08:11:58,3,0,0
12590,1,2012-07-13 14:29:16,2,0,0
12590,1,2012-07-13 14:29:16,2,0,0
12590,1,2012-07-13 14:29:16,2,0,0
12709,16,2012-07-19 02:49:26,2,0,0
12709,16,2012-07-19 02:49:26,2,0,0
12709,16,2012-07-19 02:49:26,2,0,0
12875,1,2012-07-26 15:54:49,0,0,0
12875,1,2012-07-26 15:54:49,0,0,0
12875,1,2012-07-26 15:54:49,0,0,0
12910,1,2012-07-27 14:47:25,17,0,0
12910,1,2012-07-27 14:47:25,17,0,0
12910,1,2012-07-27 14:47:25,17,0,0
12910,1,2012-07-27 14:47:25,17,0,0
13208,11,2012-08-10 16:25:14,2,0,0
13208,11,2012-08-10 16:25:14,2,0,0
13208,11,2012-08-10 16:25:14,2,0,0
13208,11,2012-08-10 16:25:14,2,0,0
13208,11,2012-08-10 16:25:14,2,0,0
13208,11,2012-08-10 16:25:14,2,0,0
13708,1,2012-08-30 16:11:27,0,0,0
13912,21,2012-09-07 16:15:17,0,0,0
13912,21,2012-09-07 16:15:17,0,0,0
13912,21,2012-09-07 16:15:17,0,0,0
13912,21,2012-09-07 16:15:17,0,0,0
14102,6,2012-09-14 20:23:52,1,0,0
14102,6,2012-09-14 20:23:52,1,0,0
14102,6,2012-09-14 20:23:52,1,0,0
14102,6,2012-09-14 20:23:52,1,0,0
14212,1,2012-09-19 22:21:07,0,0,0
14212,1,2012-09-19 22:21:07,0,0,0
14212,1,2012-09-19 22:21:07,0,0,0
14212,1,2012-09-19 22:21:07,0,0,0
14212,1,2012-09-19 22:21:07,0,0,0
14222,101,2012-09-20 08:36:17,2,0,0
14222,101,2012-09-20 08:36:17,2,0,0
14243,16,2012-09-20 20:43:20,0,0,0
14243,16,2012-09-20 20:43:20,0,0,0
14243,16,2012-09-20 20:43:20,0,0,0
14243,16,2012-09-20 20:43:20,0,0,0
14413,163,2012-09-27 03:39:02,4,2,0
14413,163,2012-09-27 03:39:02,4,2,0
14413,163,2012-09-27 03:39:02,4,2,0
14426,101,2012-09-27 11:47:20,0,0,0
14426,101,2012-09-27 11:47:20,0,0,0
14504,6,2012-09-30 04:25:15,4,0,0
14504,6,2012-09-30 04:25:15,4,0,0
14504,6,2012-09-30 04:25:15,4,0,0
14504,6,2012-09-30 04:25:15,4,0,0
14504,6,2012-09-30 04:25:15,4,0,0
14526,106,2012-10-01 07:21:47,3,9,0
14526,106,2012-10-01 07:21:47,3,9,0
14717,101,2012-10-07 13:12:18,0,0,0
14717,101,2012-10-07 13:12:18,0,0,0
14717,101,2012-10-07 13:12:18,0,0,0
14717,101,2012-10-07 13:12:18,0,0,0
14717,101,2012-10-07 13:12:18,0,0,0
14717,101,2012-10-07 13:12:18,0,0,0
14717,101,2012-10-07 13:12:18,0,0,0
14717,101,2012-10-07 13:12:18,0,0,0
14717,101,2012-10-07 13:12:18,0,0,0
14767,110,2012-10-08 19:58:12,9,3,0
14767,110,2012-10-08 19:58:12,9,3,0
14767,110,2012-10-08 19:58:12,9,3,0
14767,110,2012-10-08 19:58:12,9,3,0
14767,110,2012-10-08 19:58:12,9,3,0
14767,110,2012-10-08 19:58:12,9,3,0
14767,110,2012-10-08 19:58:12,9,3,0
14767,110,2012-10-08 19:58:12,9,3,0
14767,110,2012-10-08 19:58:12,9,3,0
14843,196,2012-10-10 22:41:47,27,12,1
14843,196,2012-10-10 22:41:47,27,12,1
16161,16,2012-10-22 23:04:46,7,0,0
16168,101,2012-10-23 04:44:44,0,0,0
16168,101,2012-10-23 04:44:44,0,0,0
16168,101,2012-10-23 04:44:44,0,0,0
16194,1,2012-10-23 19:34:33,0,0,0
16194,1,2012-10-23 19:34:33,0,0,0
16194,1,2012-10-23 19:34:33,0,0,0
16194,1,2012-10-23 19:34:33,0,0,0
16194,1,2012-10-23 19:34:33,0,0,0
16194,1,2012-10-23 19:34:33,0,0,0
16642,1,2012-11-08 06:01:53,0,0,0
16642,1,2012-11-08 06:01:53,0,0,0
16642,1,2012-11-08 06:01:53,0,0,0
16801,133,2012-11-13 09:59:50,5,0,0
16801,133,2012-11-13 09:59:50,5,0,0
16801,133,2012-11-13 09:59:50,5,0,0
16860,6,2012-11-14 22:52:50,1,0,0
16860,6,2012-11-14 22:52:50,1,0,0
16860,6,2012-11-14 22:52:50,1,0,0
16860,6,2012-11-14 22:52:50,1,0,0
16860,6,2012-11-14 22:52:50,1,0,0
16860,6,2012-11-14 22:52:50,1,0,0
16916,6,2012-11-16 15:14:12,1,0,0
16916,6,2012-11-16 15:14:12,1,0,0
16916,6,2012-11-16 15:14:12,1,0,0
16916,6,2012-11-16 15:14:12,1,0,0
16916,6,2012-11-16 15:14:12,1,0,0
16952,31,2012-11-17 22:20:21,3,0,0
16952,31,2012-11-17 22:20:21,3,0,0
16952,31,2012-11-17 22:20:21,3,0,0
16952,31,2012-11-17 22:20:21,3,0,0
17023,221,2012-11-20 12:52:54,28,7,2
17023,221,2012-11-20 12:52:54,28,7,2
17023,221,2012-11-20 12:52:54,28,7,2
17023,221,2012-11-20 12:52:54,28,7,2
17038,11,2012-11-20 18:58:02,0,0,0
17038,11,2012-11-20 18:58:02,0,0,0
17122,6,2012-11-23 14:41:45,4,0,0
17122,6,2012-11-23 14:41:45,4,0,0
17122,6,2012-11-23 14:41:45,4,0,0
17122,6,2012-11-23 14:41:45,4,0,0
17124,487,2012-11-23 16:02:48,19,0,0
17124,487,2012-11-23 16:02:48,19,0,0
17124,487,2012-11-23 16:02:48,19,0,0
17124,487,2012-11-23 16:02:48,19,0,0
17124,487,2012-11-23 16:02:48,19,0,0
17124,487,2012-11-23 16:02:48,19,0,0
17124,487,2012-11-23 16:02:48,19,0,0
17157,1,2012-11-25 16:53:20,0,0,0
17157,1,2012-11-25 16:53:20,0,0,0
17166,11,2012-11-25 20:37:07,0,0,0
17166,11,2012-11-25 20:37:07,0,0,0
17166,11,2012-11-25 20:37:07,0,0,0
17166,11,2012-11-25 20:37:07,0,0,0
17442,138,2012-12-03 17:52:12,10,0,0
17442,138,2012-12-03 17:52:12,10,0,0
17442,138,2012-12-03 17:52:12,10,0,0
17442,138,2012-12-03 17:52:12,10,0,0
17708,86,2012-12-11 10:51:27,2,0,0
17781,13,2012-12-12 21:12:10,4,0,0
17781,13,2012-12-12 21:12:10,4,0,0
17781,13,2012-12-12 21:12:10,4,0,0
17781,13,2012-12-12 21:12:10,4,0,0
17781,13,2012-12-12 21:12:10,4,0,0
17781,13,2012-12-12 21:12:10,4,0,0
17781,13,2012-12-12 21:12:10,4,0,0
17835,113,2012-12-14 14:54:41,3,14,0
17835,113,2012-12-14 14:54:41,3,14,0
17835,113,2012-12-14 14:54:41,3,14,0
17835,113,2012-12-14 14:54:41,3,14,0
17835,113,2012-12-14 14:54:41,3,14,0
17835,113,2012-12-14 14:54:41,3,14,0
17835,113,2012-12-14 14:54:41,3,14,0
17923,6,2012-12-17 21:48:06,4,0,0
17923,6,2012-12-17 21:48:06,4,0,0
17923,6,2012-12-17 21:48:06,4,0,0
17951,101,2012-12-18 22:03:33,0,0,0
17951,101,2012-12-18 22:03:33,0,0,0
17951,101,2012-12-18 22:03:33,0,0,0
17951,101,2012-12-18 22:03:33,0,0,0
18139,1,2012-12-27 21:03:49,1,0,0
18139,1,2012-12-27 21:03:49,1,0,0
18139,1,2012-12-27 21:03:49,1,0,0
18581,6,2013-01-11 17:09:25,6,0,0
18581,6,2013-01-11 17:09:25,6,0,0
18581,6,2013-01-11 17:09:25,6,0,0
18581,6,2013-01-11 17:09:25,6,0,0
19703,101,2013-01-15 21:26:13,0,1,0
19703,101,2013-01-15 21:26:13,0,1,0
19703,101,2013-01-15 21:26:13,0,1,0
19703,101,2013-01-15 21:26:13,0,1,0
19703,101,2013-01-15 21:26:13,0,1,0
19703,101,2013-01-15 21:26:13,0,1,0
19703,101,2013-01-15 21:26:13,0,1,0
19703,101,2013-01-15 21:26:13,0,1,0
19721,101,2013-01-16 06:31:17,0,0,0
19721,101,2013-01-16 06:31:17,0,0,0
19721,101,2013-01-16 06:31:17,0,0,0
19721,101,2013-01-16 06:31:17,0,0,0
19734,6,2013-01-16 12:05:07,3,0,0
19734,6,2013-01-16 12:05:07,3,0,0
19734,6,2013-01-16 12:05:07,3,0,0
19734,6,2013-01-16 12:05:07,3,0,0
19734,6,2013-01-16 12:05:07,3,0,0
19734,6,2013-01-16 12:05:07,3,0,0
19751,11,2013-01-16 20:24:21,2,0,0
19751,11,2013-01-16 20:24:21,2,0,0
19751,11,2013-01-16 20:24:21,2,0,0
19751,11,2013-01-16 20:24:21,2,0,0
19751,11,2013-01-16 20:24:21,2,0,0
19775,101,2013-01-17 15:18:10,0,1,0
19775,101,2013-01-17 15:18:10,0,1,0
20181,106,2013-01-28 10:14:59,6,7,0
20181,106,2013-01-28 10:14:59,6,7,0
20181,106,2013-01-28 10:14:59,6,7,0
20181,106,2013-01-28 10:14:59,6,7,0
20181,106,2013-01-28 10:14:59,6,7,0
20181,106,2013-01-28 10:14:59,6,7,0
20181,106,2013-01-28 10:14:59,6,7,0
20396,81,2013-02-02 18:07:57,4,4,0
20396,81,2013-02-02 18:07:57,4,4,0
20571,1,2013-02-06 23:02:02,0,0,0
20571,1,2013-02-06 23:02:02,0,0,0
20571,1,2013-02-06 23:02:02,0,0,0
20769,101,2013-02-12 16:26:03,0,0,0
20769,101,2013-02-12 16:26:03,0,0,0
20769,101,2013-02-12 16:26:03,0,0,0
20901,16,2013-02-16 16:51:35,0,0,0
20901,16,2013-02-16 16:51:35,0,0,0
20901,16,2013-02-16 16:51:35,0,0,0
20901,16,2013-02-16 16:51:35,0,0,0
20901,16,2013-02-16 16:51:35,0,0,0
20901,16,2013-02-16 16:51:35,0,0,0
20965,1,2013-02-17 23:30:54,0,0,0
20965,1,2013-02-17 23:30:54,0,0,0
20965,1,2013-02-17 23:30:54,0,0,0
20965,1,2013-02-17 23:30:54,0,0,0
21056,101,2013-02-20 10:12:16,0,0,0
21056,101,2013-02-20 10:12:16,0,0,0
21056,101,2013-02-20 10:12:16,0,0,0
21122,11,2013-02-21 18:52:54,0,0,0
21122,11,2013-02-21 18:52:54,0,0,0
21122,11,2013-02-21 18:52:54,0,0,0
21172,108,2013-02-22 23:28:20,6,0,0
21172,108,2013-02-22 23:28:20,6,0,0
21172,108,2013-02-22 23:28:20,6,0,0
21172,108,2013-02-22 23:28:20,6,0,0
21172,108,2013-02-22 23:28:20,6,0,0
21172,108,2013-02-22 23:28:20,6,0,0
21172,108,2013-02-22 23:28:20,6,0,0
21172,108,2013-02-22 23:28:20,6,0,0
21185,1,2013-02-23 13:12:13,3,0,0
21185,1,2013-02-23 13:12:13,3,0,0
21185,1,2013-02-23 13:12:13,3,0,0
21205,106,2013-02-23 22:50:18,5,0,0
21205,106,2013-02-23 22:50:18,5,0,0
21205,106,2013-02-23 22:50:18,5,0,0
21205,106,2013-02-23 22:50:18,5,0,0
21205,106,2013-02-23 22:50:18,5,0,0
21222,27,2013-02-24 16:32:42,8,0,0
21222,27,2013-02-24 16:32:42,8,0,0
21222,27,2013-02-24 16:32:42,8,0,0
21222,27,2013-02-24 16:32:42,8,0,0
21222,27,2013-02-24 16:32:42,8,0,0
21222,27,2013-02-24 16:32:42,8,0,0
21222,27,2013-02-24 16:32:42,8,0,0
21222,27,2013-02-24 16:32:42,8,0,0
21435,11,2013-03-01 13:49:09,2,0,0
21435,11,2013-03-01 13:49:09,2,0,0
21435,11,2013-03-01 13:49:09,2,0,0
21435,11,2013-03-01 13:49:09,2,0,0
21746,85,2013-03-08 21:48:13,33,7,0
21746,85,2013-03-08 21:48:13,33,7,0
21969,41,2013-03-13 23:35:40,2,0,0
21969,41,2013-03-13 23:35:40,2,0,0
21969,41,2013-03-13 23:35:40,2,0,0
21969,41,2013-03-13 23:35:40,2,0,0
21969,41,2013-03-13 23:35:40,2,0,0
21982,27,2013-03-14 10:23:39,14,1,0
21982,27,2013-03-14 10:23:39,14,1,0
22118,6,2013-03-17 11:59:34,1,0,0
22118,6,2013-03-17 11:59:34,1,0,0
22118,6,2013-03-17 11:59:34,1,0,0
22118,6,2013-03-17 11:59:34,1,0,0
22118,6,2013-03-17 11:59:34,1,0,0
22147,118,2013-03-18 06:20:08,16,1,0
22147,118,2013-03-18 06:20:08,16,1,0
22147,118,2013-03-18 06:20:08,16,1,0
22258,8,2013-03-19 23:21:28,3,0,0
22258,8,2013-03-19 23:21:28,3,0,0
22258,8,2013-03-19 23:21:28,3,0,0
22319,1,2013-03-21 05:14:44,0,0,0
22319,1,2013-03-21 05:14:44,0,0,0
22319,1,2013-03-21 05:14:44,0,0,0
22319,1,2013-03-21 05:14:44,0,0,0
22359,1,2013-03-21 22:07:13,2,0,0
22359,1,2013-03-21 22:07:13,2,0,0
22359,1,2013-03-21 22:07:13,2,0,0
22359,1,2013-03-21 22:07:13,2,0,0
22441,101,2013-03-24 08:24:00,4,14,0
22441,101,2013-03-24 08:24:00,4,14,0
22479,103,2013-03-25 06:06:58,0,1,0
22479,103,2013-03-25 06:06:58,0,1,0
22479,103,2013-03-25 06:06:58,0,1,0
22541,16,2013-03-26 15:23:33,1,0,0
22541,16,2013-03-26 15:23:33,1,0,0
22541,16,2013-03-26 15:23:33,1,0,0
22541,16,2013-03-26 15:23:33,1,0,0
22588,16,2013-03-27 12:41:33,0,0,0
22588,16,2013-03-27 12:41:33,0,0,0
22588,16,2013-03-27 12:41:33,0,0,0
22588,16,2013-03-27 12:41:33,0,0,0
23756,6,2013-04-01 00:44:51,1,0,0
23756,6,2013-04-01 00:44:51,1,0,0
23756,6,2013-04-01 00:44:51,1,0,0
23756,6,2013-04-01 00:44:51,1,0,0
23852,1,2013-04-03 10:05:41,1,0,0
23852,1,2013-04-03 10:05:41,1,0,0
23852,1,2013-04-03 10:05:41,1,0,0
23852,1,2013-04-03 10:05:41,1,0,0
23852,1,2013-04-03 10:05:41,1,0,0
23898,8,2013-04-04 05:53:00,4,0,0
23898,8,2013-04-04 05:53:00,4,0,0
23898,8,2013-04-04 05:53:00,4,0,0
23898,8,2013-04-04 05:53:00,4,0,0
23898,8,2013-04-04 05:53:00,4,0,0
23968,1,2013-04-05 17:24:48,1,0,0
23968,1,2013-04-05 17:24:48,1,0,0
23968,1,2013-04-05 17:24:48,1,0,0
23968,1,2013-04-05 17:24:48,1,0,0
23968,1,2013-04-05 17:24:48,1,0,0
23968,1,2013-04-05 17:24:48,1,0,0
23968,1,2013-04-05 17:24:48,1,0,0
23968,1,2013-04-05 17:24:48,1,0,0
24184,6,2013-04-11 00:46:25,0,0,0
24184,6,2013-04-11 00:46:25,0,0,0
24184,6,2013-04-11 00:46:25,0,0,0
24184,6,2013-04-11 00:46:25,0,0,0
24184,6,2013-04-11 00:46:25,0,0,0
24186,6,2013-04-11 02:30:54,3,0,0
24186,6,2013-04-11 02:30:54,3,0,0
24253,1,2013-04-12 08:35:55,0,0,0
24253,1,2013-04-12 08:35:55,0,0,0
24360,11,2013-04-15 03:48:23,1,0,0
24360,11,2013-04-15 03:48:23,1,0,0
24360,11,2013-04-15 03:48:23,1,0,0
24360,11,2013-04-15 03:48:23,1,0,0
24360,11,2013-04-15 03:48:23,1,0,0
24439,1,2013-04-16 18:04:15,1,0,0
24439,1,2013-04-16 18:04:15,1,0,0
24439,1,2013-04-16 18:04:15,1,0,0
24439,1,2013-04-16 18:04:15,1,0,0
24439,1,2013-04-16 18:04:15,1,0,0
24439,1,2013-04-16 18:04:15,1,0,0
24439,1,2013-04-16 18:04:15,1,0,0
24439,1,2013-04-16 18:04:15,1,0,0
24534,6,2013-04-19 03:23:31,2,0,0
24534,6,2013-04-19 03:23:31,2,0,0
24545,6,2013-04-19 12:18:02,0,0,0
24545,6,2013-04-19 12:18:02,0,0,0
24660,108,2013-04-22 06:16:28,19,0,0
24660,108,2013-04-22 06:16:28,19,0,0
24660,108,2013-04-22 06:16:28,19,0,0
24660,108,2013-04-22 06:16:28,19,0,0
24660,108,2013-04-22 06:16:28,19,0,0
24660,108,2013-04-22 06:16:28,19,0,0
24660,108,2013-04-22 06:16:28,19,0,0
24755,101,2013-04-24 04:55:02,1,0,0
24755,101,2013-04-24 04:55:02,1,0,0
24755,101,2013-04-24 04:55:02,1,0,0
24755,101,2013-04-24 04:55:02,1,0,0
24810,1,2013-04-25 06:03:35,1,0,0
24810,1,2013-04-25 06:03:35,1,0,0
24885,16,2013-04-26 12:39:57,1,2,0
24885,16,2013-04-26 12:39:57,1,2,0
24885,16,2013-04-26 12:39:57,1,2,0
24885,16,2013-04-26 12:39:57,1,2,0
25092,1,2013-05-01 04:49:06,0,0,0
25092,1,2013-05-01 04:49:06,0,0,0
25092,1,2013-05-01 04:49:06,0,0,0
25092,1,2013-05-01 04:49:06,0,0,0
25119,1,2013-05-01 19:23:30,0,0,0
25119,1,2013-05-01 19:23:30,0,0,0
25171,211,2013-05-02 19:55:32,14,6,0
25171,211,2013-05-02 19:55:32,14,6,0
25171,211,2013-05-02 19:55:32,14,6,0
25171,211,2013-05-02 19:55:32,14,6,0
25171,211,2013-05-02 19:55:32,14,6,0
25171,211,2013-05-02 19:55:32,14,6,0
25171,211,2013-05-02 19:55:32,14,6,0
25171,211,2013-05-02 19:55:32,14,6,0
25171,211,2013-05-02 19:55:32,14,6,0
25227,6,2013-05-04 07:27:37,2,0,0
25227,6,2013-05-04 07:27:37,2,0,0
25227,6,2013-05-04 07:27:37,2,0,0
25390,6,2013-05-08 15:22:53,1,0,0
25390,6,2013-05-08 15:22:53,1,0,0
25390,6,2013-05-08 15:22:53,1,0,0
25390,6,2013-05-08 15:22:53,1,0,0
25514,8,2013-05-11 15:21:02,4,0,0
25514,8,2013-05-11 15:21:02,4,0,0
25514,8,2013-05-11 15:21:02,4,0,0
25514,8,2013-05-11 15:21:02,4,0,0
25640,101,2013-05-14 14:55:08,0,1,0
25640,101,2013-05-14 14:55:08,0,1,0
25640,101,2013-05-14 14:55:08,0,1,0
25640,101,2013-05-14 14:55:08,0,1,0
25666,3,2013-05-15 01:17:38,2,0,0
25666,3,2013-05-15 01:17:38,2,0,0
25710,101,2013-05-15 23:13:36,0,1,0
25710,101,2013-05-15 23:13:36,0,1,0
25710,101,2013-05-15 23:13:36,0,1,0
25923,1,2013-05-21 14:16:55,0,0,0
25923,1,2013-05-21 14:16:55,0,0,0
25923,1,2013-05-21 14:16:55,0,0,0
26021,1,2013-05-23 16:39:27,1,0,0
26021,1,2013-05-23 16:39:27,1,0,0
26021,1,2013-05-23 16:39:27,1,0,0
26021,1,2013-05-23 16:39:27,1,0,0
26398,43,2013-06-02 13:02:14,1,3,0
26398,43,2013-06-02 13:02:14,1,3,0
26398,43,2013-06-02 13:02:14,1,3,0
26841,1,2013-06-13 11:15:39,0,0,0
26841,1,2013-06-13 11:15:39,0,0,0
26841,1,2013-06-13 11:15:39,0,0,0
26841,1,2013-06-13 11:15:39,0,0,0
26896,1,2013-06-14 14:12:30,2,0,0
26896,1,2013-06-14 14:12:30,2,0,0
26896,1,2013-06-14 14:12:30,2,0,0
26896,1,2013-06-14 14:12:30,2,0,0
27168,1,2013-06-22 02:52:42,0,0,0
27168,1,2013-06-22 02:52:42,0,0,0
27168,1,2013-06-22 02:52:42,0,0,0
27168,1,2013-06-22 02:52:42,0,0,0
27168,1,2013-06-22 02:52:42,0,0,0
27401,101,2013-06-27 22:01:01,0,2,0
27401,101,2013-06-27 22:01:01,0,2,0
27401,101,2013-06-27 22:01:01,0,2,0
27425,31,2013-06-28 11:52:28,6,0,0
27425,31,2013-06-28 11:52:28,6,0,0
27425,31,2013-06-28 11:52:28,6,0,0
27425,31,2013-06-28 11:52:28,6,0,0
27425,31,2013-06-28 11:52:28,6,0,0
27520,11,2013-07-01 20:08:18,0,0,0
27604,1,2013-07-03 18:19:48,0,0,0
27604,1,2013-07-03 18:19:48,0,0,0
27604,1,2013-07-03 18:19:48,0,0,0
27604,1,2013-07-03 18:19:48,0,0,0
27642,28,2013-07-05 00:02:54,0,0,0
27713,6,2013-07-07 11:57:55,0,0,0
27713,6,2013-07-07 11:57:55,0,0,0
27713,6,2013-07-07 11:57:55,0,0,0
27713,6,2013-07-07 11:57:55,0,0,0
27713,6,2013-07-07 11:57:55,0,0,0
27713,6,2013-07-07 11:57:55,0,0,0
27713,6,2013-07-07 11:57:55,0,0,0
27752,46,2013-07-08 10:58:21,0,0,0
27752,46,2013-07-08 10:58:21,0,0,0
27752,46,2013-07-08 10:58:21,0,0,0
27752,46,2013-07-08 10:58:21,0,0,0
27752,46,2013-07-08 10:58:21,0,0,0
27874,11,2013-07-10 20:55:26,2,0,0
27874,11,2013-07-10 20:55:26,2,0,0
27874,11,2013-07-10 20:55:26,2,0,0
27874,11,2013-07-10 20:55:26,2,0,0
27890,1,2013-07-11 06:36:30,0,0,0
27890,1,2013-07-11 06:36:30,0,0,0
27890,1,2013-07-11 06:36:30,0,0,0
27969,84,2013-07-12 20:43:06,49,9,0
27969,84,2013-07-12 20:43:06,49,9,0
27969,84,2013-07-12 20:43:06,49,9,0
27969,84,2013-07-12 20:43:06,49,9,0
27969,84,2013-07-12 20:43:06,49,9,0
27969,84,2013-07-12 20:43:06,49,9,0
27969,84,2013-07-12 20:43:06,49,9,0
28067,6,2013-07-15 23:32:39,0,0,0
28067,6,2013-07-15 23:32:39,0,0,0
28067,6,2013-07-15 23:32:39,0,0,0
28067,6,2013-07-15 23:32:39,0,0,0
28067,6,2013-07-15 23:32:39,0,0,0
28067,6,2013-07-15 23:32:39,0,0,0
28067,6,2013-07-15 23:32:39,0,0,0
28169,101,2013-07-18 06:09:26,4,0,0
28169,101,2013-07-18 06:09:26,4,0,0
28169,101,2013-07-18 06:09:26,4,0,0
28169,101,2013-07-18 06:09:26,4,0,0
28169,101,2013-07-18 06:09:26,4,0,0
28361,11,2013-07-23 14:27:19,0,0,0
28361,11,2013-07-23 14:27:19,0,0,0
28361,11,2013-07-23 14:27:19,0,0,0
28520,771,2013-07-26 22:32:32,41,29,5
28520,771,2013-07-26 22:32:32,41,29,5
28520,771,2013-07-26 22:32:32,41,29,5
28520,771,2013-07-26 22:32:32,41,29,5
28583,101,2013-07-29 11:20:13,0,0,0
28583,101,2013-07-29 11:20:13,0,0,0
28583,101,2013-07-29 11:20:13,0,0,0
28583,101,2013-07-29 11:20:13,0,0,0
28583,101,2013-07-29 11:20:13,0,0,0
28583,101,2013-07-29 11:20:13,0,0,0
28823,101,2013-08-05 09:40:33,2,1,0
28823,101,2013-08-05 09:40:33,2,1,0
28823,101,2013-08-05 09:40:33,2,1,0
28823,101,2013-08-05 09:40:33,2,1,0
28937,31,2013-08-08 11:45:30,1,1,0
28937,31,2013-08-08 11:45:30,1,1,0
28937,31,2013-08-08 11:45:30,1,1,0
28937,31,2013-08-08 11:45:30,1,1,0
29077,101,2013-08-12 20:53:01,0,0,0
29077,101,2013-08-12 20:53:01,0,0,0
29077,101,2013-08-12 20:53:01,0,0,0
29226,18,2013-08-16 18:22:36,2,26,0
29226,18,2013-08-16 18:22:36,2,26,0
29226,18,2013-08-16 18:22:36,2,26,0
29226,18,2013-08-16 18:22:36,2,26,0
29226,18,2013-08-16 18:22:36,2,26,0
29242,21,2013-08-17 09:59:25,4,0,0
29242,21,2013-08-17 09:59:25,4,0,0
29242,21,2013-08-17 09:59:25,4,0,0
29267,1,2013-08-18 16:49:46,0,0,0
29267,1,2013-08-18 16:49:46,0,0,0
29267,1,2013-08-18 16:49:46,0,0,0
29366,16,2013-08-20 23:43:54,1,0,0
29432,11,2013-08-22 14:11:22,2,0,0
29432,11,2013-08-22 14:11:22,2,0,0
29432,11,2013-08-22 14:11:22,2,0,0
29536,113,2013-08-26 01:19:06,5,2,0
29536,113,2013-08-26 01:19:06,5,2,0
29536,113,2013-08-26 01:19:06,5,2,0
29536,113,2013-08-26 01:19:06,5,2,0
29536,113,2013-08-26 01:19:06,5,2,0
29741,11,2013-08-30 21:48:52,2,0,0
29741,11,2013-08-30 21:48:52,2,0,0
29741,11,2013-08-30 21:48:52,2,0,0
29741,11,2013-08-30 21:48:52,2,0,0
29741,11,2013-08-30 21:48:52,2,0,0
29955,1,2013-09-05 14:28:00,1,0,0
29955,1,2013-09-05 14:28:00,1,0,0
30341,11,2013-09-16 07:01:31,1,0,0
30341,11,2013-09-16 07:01:31,1,0,0
30341,11,2013-09-16 07:01:31,1,0,0
30341,11,2013-09-16 07:01:31,1,0,0
30341,11,2013-09-16 07:01:31,1,0,0
30341,11,2013-09-16 07:01:31,1,0,0
30341,11,2013-09-16 07:01:31,1,0,0
30662,1,2013-09-24 11:34:13,1,0,0
30730,1,2013-09-26 01:59:25,0,0,0
30859,101,2013-09-30 01:59:20,0,15,0
30859,101,2013-09-30 01:59:20,0,15,0
30859,101,2013-09-30 01:59:20,0,15,0
30859,101,2013-09-30 01:59:20,0,15,0
30931,1,2013-10-01 16:35:36,0,0,0
30931,1,2013-10-01 16:35:36,0,0,0
30931,1,2013-10-01 16:35:36,0,0,0
30983,101,2013-10-02 17:32:06,0,16,0
30983,101,2013-10-02 17:32:06,0,16,0
30983,101,2013-10-02 17:32:06,0,16,0
30983,101,2013-10-02 17:32:06,0,16,0
30983,101,2013-10-02 17:32:06,0,16,0
31052,66,2013-10-03 22:57:38,9,20,0
31052,66,2013-10-03 22:57:38,9,20,0
31052,66,2013-10-03 22:57:38,9,20,0
31052,66,2013-10-03 22:57:38,9,20,0
31052,66,2013-10-03 22:57:38,9,20,0
31052,66,2013-10-03 22:57:38,9,20,0
31052,66,2013-10-03 22:57:38,9,20,0
31052,66,2013-10-03 22:57:38,9,20,0
31104,114,2013-10-05 10:15:56,24,6,0
31104,114,2013-10-05 10:15:56,24,6,0
31104,114,2013-10-05 10:15:56,24,6,0
31104,114,2013-10-05 10:15:56,24,6,0
31143,6,2013-10-06 16:41:49,0,0,0
31143,6,2013-10-06 16:41:49,0,0,0
31143,6,2013-10-06 16:41:49,0,0,0
31148,1,2013-10-06 19:16:17,1,0,0
31148,1,2013-10-06 19:16:17,1,0,0
31148,1,2013-10-06 19:16:17,1,0,0
31444,1,2013-10-13 17:05:44,0,0,0
31444,1,2013-10-13 17:05:44,0,0,0
31444,1,2013-10-13 17:05:44,0,0,0
31444,1,2013-10-13 17:05:44,0,0,0
31515,21,2013-10-15 13:08:54,5,6,0
31515,21,2013-10-15 13:08:54,5,6,0
31515,21,2013-10-15 13:08:54,5,6,0
31634,376,2013-10-17 22:07:42,17,8,1
31634,376,2013-10-17 22:07:42,17,8,1
31634,376,2013-10-17 22:07:42,17,8,1
31634,376,2013-10-17 22:07:42,17,8,1
31634,376,2013-10-17 22:07:42,17,8,1
32129,1,2013-10-31 09:55:17,0,0,0
32129,1,2013-10-31 09:55:17,0,0,0
32129,1,2013-10-31 09:55:17,0,0,0
32129,1,2013-10-31 09:55:17,0,0,0
32129,1,2013-10-31 09:55:17,0,0,0
32261,1,2013-11-03 20:18:03,0,0,0
32261,1,2013-11-03 20:18:03,0,0,0
32261,1,2013-11-03 20:18:03,0,0,0
32261,1,2013-11-03 20:18:03,0,0,0
32424,1,2013-11-06 22:36:03,1,0,0
34677,21,2013-11-12 08:05:07,3,0,0
34677,21,2013-11-12 08:05:07,3,0,0
34677,21,2013-11-12 08:05:07,3,0,0
34677,21,2013-11-12 08:05:07,3,0,0
34677,21,2013-11-12 08:05:07,3,0,0
34677,21,2013-11-12 08:05:07,3,0,0
34724,16,2013-11-12 20:42:18,1,0,0
34724,16,2013-11-12 20:42:18,1,0,0
34724,16,2013-11-12 20:42:18,1,0,0
34809,13,2013-11-14 13:29:55,1,0,0
34809,13,2013-11-14 13:29:55,1,0,0
34809,13,2013-11-14 13:29:55,1,0,0
34809,13,2013-11-14 13:29:55,1,0,0
34813,1,2013-11-14 14:18:35,4,0,0
34813,1,2013-11-14 14:18:35,4,0,0
34813,1,2013-11-14 14:18:35,4,0,0
34813,1,2013-11-14 14:18:35,4,0,0
34813,1,2013-11-14 14:18:35,4,0,0
34913,1,2013-11-17 10:48:23,0,0,0
34913,1,2013-11-17 10:48:23,0,0,0
34913,1,2013-11-17 10:48:23,0,0,0
34913,1,2013-11-17 10:48:23,0,0,0
34924,1,2013-11-17 17:14:38,0,0,0
34924,1,2013-11-17 17:14:38,0,0,0
34952,1,2013-11-18 12:40:18,0,0,0
34952,1,2013-11-18 12:40:18,0,0,0
34952,1,2013-11-18 12:40:18,0,0,0
34952,1,2013-11-18 12:40:18,0,0,0
35344,11,2013-11-26 15:24:12,0,0,0
35344,11,2013-11-26 15:24:12,0,0,0
35344,11,2013-11-26 15:24:12,0,0,0
35344,11,2013-11-26 15:24:12,0,0,0
35344,11,2013-11-26 15:24:12,0,0,0
35344,11,2013-11-26 15:24:12,0,0,0
35441,1,2013-11-28 14:13:03,0,0,0
35441,1,2013-11-28 14:13:03,0,0,0
35441,1,2013-11-28 14:13:03,0,0,0
35441,1,2013-11-28 14:13:03,0,0,0
35533,4,2013-12-01 15:34:09,6,0,0
35610,1,2013-12-03 09:16:24,0,0,0
35610,1,2013-12-03 09:16:24,0,0,0
35610,1,2013-12-03 09:16:24,0,0,0
35610,1,2013-12-03 09:16:24,0,0,0
35610,1,2013-12-03 09:16:24,0,0,0
35610,1,2013-12-03 09:16:24,0,0,0
35610,1,2013-12-03 09:16:24,0,0,0
35654,6,2013-12-04 06:07:14,0,0,0
35654,6,2013-12-04 06:07:14,0,0,0
35654,6,2013-12-04 06:07:14,0,0,0
35654,6,2013-12-04 06:07:14,0,0,0
35675,101,2013-12-04 15:40:06,0,0,0
35675,101,2013-12-04 15:40:06,0,0,0
35675,101,2013-12-04 15:40:06,0,0,0
35785,1,2013-12-06 18:55:07,0,0,0
35785,1,2013-12-06 18:55:07,0,0,0
35785,1,2013-12-06 18:55:07,0,0,0
35785,1,2013-12-06 18:55:07,0,0,0
35785,1,2013-12-06 18:55:07,0,0,0
35785,1,2013-12-06 18:55:07,0,0,0
35785,1,2013-12-06 18:55:07,0,0,0
35785,1,2013-12-06 18:55:07,0,0,0
35785,1,2013-12-06 18:55:07,0,0,0
35886,1,2013-12-09 00:46:18,0,0,0
35886,1,2013-12-09 00:46:18,0,0,0
35886,1,2013-12-09 00:46:18,0,0,0
35888,1,2013-12-09 01:22:50,0,0,0
35888,1,2013-12-09 01:22:50,0,0,0
35888,1,2013-12-09 01:22:50,0,0,0
35888,1,2013-12-09 01:22:50,0,0,0
35888,1,2013-12-09 01:22:50,0,0,0
35888,1,2013-12-09 01:22:50,0,0,0
36260,101,2013-12-16 12:18:28,0,1,0
36260,101,2013-12-16 12:18:28,0,1,0
36260,101,2013-12-16 12:18:28,0,1,0
36260,101,2013-12-16 12:18:28,0,1,0
36260,101,2013-12-16 12:18:28,0,1,0
36260,101,2013-12-16 12:18:28,0,1,0
36260,101,2013-12-16 12:18:28,0,1,0
36260,101,2013-12-16 12:18:28,0,1,0
36299,6,2013-12-17 03:54:40,1,0,0
36299,6,2013-12-17 03:54:40,1,0,0
36321,101,2013-12-17 14:01:32,0,5,0
36321,101,2013-12-17 14:01:32,0,5,0
36476,21,2013-12-20 18:16:21,0,0,0
36506,1,2013-12-22 07:25:18,0,0,0
36506,1,2013-12-22 07:25:18,0,0,0
36506,1,2013-12-22 07:25:18,0,0,0
36554,16,2013-12-24 08:38:48,0,0,0
36554,16,2013-12-24 08:38:48,0,0,0
36799,1,2014-01-02 19:58:51,2,0,0
36799,1,2014-01-02 19:58:51,2,0,0
36799,1,2014-01-02 19:58:51,2,0,0
36799,1,2014-01-02 19:58:51,2,0,0
36799,1,2014-01-02 19:58:51,2,0,0
36799,1,2014-01-02 19:58:51,2,0,0
36799,1,2014-01-02 19:58:51,2,0,0
36799,1,2014-01-02 19:58:51,2,0,0
36855,1,2014-01-04 11:12:29,0,0,0
37137,1,2014-01-10 15:37:29,0,0,0
37137,1,2014-01-10 15:37:29,0,0,0
37137,1,2014-01-10 15:37:29,0,0,0
37137,1,2014-01-10 15:37:29,0,0,0
37202,1,2014-01-11 23:27:42,1,0,0
37202,1,2014-01-11 23:27:42,1,0,0
37202,1,2014-01-11 23:27:42,1,0,0
37456,1,2014-01-17 17:24:19,0,0,0
37456,1,2014-01-17 17:24:19,0,0,0
37456,1,2014-01-17 17:24:19,0,0,0
37456,1,2014-01-17 17:24:19,0,0,0
37456,1,2014-01-17 17:24:19,0,0,0
37585,1,2014-01-21 05:16:32,0,0,0
37585,1,2014-01-21 05:16:32,0,0,0
37664,1,2014-01-22 13:00:42,0,0,0
37664,1,2014-01-22 13:00:42,0,0,0
37664,1,2014-01-22 13:00:42,0,0,0
37664,1,2014-01-22 13:00:42,0,0,0
37664,1,2014-01-22 13:00:42,0,0,0
37664,1,2014-01-22 13:00:42,0,0,0
37664,1,2014-01-22 13:00:42,0,0,0
37664,1,2014-01-22 13:00:42,0,0,0
37720,3,2014-01-23 14:18:04,0,0,0
37720,3,2014-01-23 14:18:04,0,0,0
37720,3,2014-01-23 14:18:04,0,0,0
37720,3,2014-01-23 14:18:04,0,0,0
37720,3,2014-01-23 14:18:04,0,0,0
37720,3,2014-01-23 14:18:04,0,0,0
37720,3,2014-01-23 14:18:04,0,0,0
37832,1,2014-01-24 16:50:38,0,0,0
37832,1,2014-01-24 16:50:38,0,0,0
37832,1,2014-01-24 16:50:38,0,0,0
37832,1,2014-01-24 16:50:38,0,0,0
37832,1,2014-01-24 16:50:38,0,0,0
37857,1,2014-01-24 22:54:22,0,0,0
37857,1,2014-01-24 22:54:22,0,0,0
37857,1,2014-01-24 22:54:22,0,0,0
38010,1,2014-01-27 12:03:39,1,0,0
38010,1,2014-01-27 12:03:39,1,0,0
38111,18,2014-01-28 17:22:50,3,0,0
38111,18,2014-01-28 17:22:50,3,0,0
38111,18,2014-01-28 17:22:50,3,0,0
38111,18,2014-01-28 17:22:50,3,0,0
38111,18,2014-01-28 17:22:50,3,0,0
38111,18,2014-01-28 17:22:50,3,0,0
38176,113,2014-01-29 13:23:27,12,0,0
38176,113,2014-01-29 13:23:27,12,0,0
38196,6,2014-01-29 18:09:10,1,0,0
38196,6,2014-01-29 18:09:10,1,0,0
38196,6,2014-01-29 18:09:10,1,0,0
38196,6,2014-01-29 18:09:10,1,0,0
38196,6,2014-01-29 18:09:10,1,0,0
38264,101,2014-01-31 01:15:16,0,7,0
38264,101,2014-01-31 01:15:16,0,7,0
38264,101,2014-01-31 01:15:16,0,7,0
38356,1,2014-02-01 17:04:15,0,0,0
38356,1,2014-02-01 17:04:15,0,0,0
38356,1,2014-02-01 17:04:15,0,0,0
38356,1,2014-02-01 17:04:15,0,0,0
38356,1,2014-02-01 17:04:15,0,0,0
39516,1,2014-02-04 14:58:45,0,0,0
39516,1,2014-02-04 14:58:45,0,0,0
39516,1,2014-02-04 14:58:45,0,0,0
39516,1,2014-02-04 14:58:45,0,0,0
39516,1,2014-02-04 14:58:45,0,0,0
39516,1,2014-02-04 14:58:45,0,0,0
39516,1,2014-02-04 14:58:45,0,0,0
39541,23,2014-02-04 22:24:24,1,2,0
39541,23,2014-02-04 22:24:24,1,2,0
39541,23,2014-02-04 22:24:24,1,2,0
39541,23,2014-02-04 22:24:24,1,2,0
39541,23,2014-02-04 22:24:24,1,2,0
39648,101,2014-02-06 21:18:41,0,4,0
39648,101,2014-02-06 21:18:41,0,4,0
39648,101,2014-02-06 21:18:41,0,4,0
39648,101,2014-02-06 21:18:41,0,4,0
39648,101,2014-02-06 21:18:41,0,4,0
39648,101,2014-02-06 21:18:41,0,4,0
39648,101,2014-02-06 21:18:41,0,4,0
39648,101,2014-02-06 21:18:41,0,4,0
39648,101,2014-02-06 21:18:41,0,4,0
39668,1,2014-02-07 05:37:22,1,0,0
39668,1,2014-02-07 05:37:22,1,0,0
39668,1,2014-02-07 05:37:22,1,0,0
39670,101,2014-02-07 06:07:26,0,0,0
39670,101,2014-02-07 06:07:26,0,0,0
39947,21,2014-02-10 21:14:28,1,0,0
39947,21,2014-02-10 21:14:28,1,0,0
39947,21,2014-02-10 21:14:28,1,0,0
39947,21,2014-02-10 21:14:28,1,0,0
39947,21,2014-02-10 21:14:28,1,0,0
39947,21,2014-02-10 21:14:28,1,0,0
39947,21,2014-02-10 21:14:28,1,0,0
39947,21,2014-02-10 21:14:28,1,0,0
40232,1,2014-02-14 07:42:32,0,0,0
40232,1,2014-02-14 07:42:32,0,0,0
40232,1,2014-02-14 07:42:32,0,0,0
40255,31,2014-02-14 13:53:13,4,1,0
40255,31,2014-02-14 13:53:13,4,1,0
40255,31,2014-02-14 13:53:13,4,1,0
40255,31,2014-02-14 13:53:13,4,1,0
40255,31,2014-02-14 13:53:13,4,1,0
40255,31,2014-02-14 13:53:13,4,1,0
40268,11,2014-02-14 16:30:41,3,0,0
40268,11,2014-02-14 16:30:41,3,0,0
40268,11,2014-02-14 16:30:41,3,0,0
40268,11,2014-02-14 16:30:41,3,0,0
40268,11,2014-02-14 16:30:41,3,0,0
40268,11,2014-02-14 16:30:41,3,0,0
40268,11,2014-02-14 16:30:41,3,0,0
40612,1,2014-02-20 12:34:55,0,0,0
40612,1,2014-02-20 12:34:55,0,0,0
40612,1,2014-02-20 12:34:55,0,0,0
40674,1,2014-02-21 16:38:58,0,0,0
40674,1,2014-02-21 16:38:58,0,0,0
40674,1,2014-02-21 16:38:58,0,0,0
40674,1,2014-02-21 16:38:58,0,0,0
40683,101,2014-02-21 19:25:58,0,0,0
40683,101,2014-02-21 19:25:58,0,0,0
41275,1,2014-03-03 23:51:37,0,0,0
41275,1,2014-03-03 23:51:37,0,0,0
41275,1,2014-03-03 23:51:37,0,0,0
41428,101,2014-03-06 13:40:14,0,0,0
41428,101,2014-03-06 13:40:14,0,0,0
41428,101,2014-03-06 13:40:14,0,0,0
41428,101,2014-03-06 13:40:14,0,0,0
41428,101,2014-03-06 13:40:14,0,0,0
41600,138,2014-03-09 21:50:42,1,1,0
41600,138,2014-03-09 21:50:42,1,1,0
41600,138,2014-03-09 21:50:42,1,1,0
41600,138,2014-03-09 21:50:42,1,1,0
41600,138,2014-03-09 21:50:42,1,1,0
41692,1,2014-03-11 03:06:36,0,0,0
41692,1,2014-03-11 03:06:36,0,0,0
41692,1,2014-03-11 03:06:36,0,0,0
41692,1,2014-03-11 03:06:36,0,0,0
41796,1,2014-03-12 15:26:23,17,0,0
41796,1,2014-03-12 15:26:23,17,0,0
41796,1,2014-03-12 15:26:23,17,0,0
41796,1,2014-03-12 15:26:23,17,0,0
41796,1,2014-03-12 15:26:23,17,0,0
41796,1,2014-03-12 15:26:23,17,0,0
41796,1,2014-03-12 15:26:23,17,0,0
41796,1,2014-03-12 15:26:23,17,0,0
41853,1,2014-03-13 13:25:27,0,0,0
41853,1,2014-03-13 13:25:27,0,0,0
41853,1,2014-03-13 13:25:27,0,0,0
41853,1,2014-03-13 13:25:27,0,0,0
41853,1,2014-03-13 13:25:27,0,0,0
41853,1,2014-03-13 13:25:27,0,0,0
41853,1,2014-03-13 13:25:27,0,0,0
42033,2,2014-03-16 20:24:57,6,0,0
42033,2,2014-03-16 20:24:57,6,0,0
42033,2,2014-03-16 20:24:57,6,0,0
42033,2,2014-03-16 20:24:57,6,0,0
42152,16,2014-03-18 14:24:25,1,0,0
42152,16,2014-03-18 14:24:25,1,0,0
42152,16,2014-03-18 14:24:25,1,0,0
42187,11,2014-03-19 07:45:10,0,0,0
42187,11,2014-03-19 07:45:10,0,0,0
42269,6,2014-03-20 15:40:21,2,0,0
42269,6,2014-03-20 15:40:21,2,0,0
42269,6,2014-03-20 15:40:21,2,0,0
42484,1,2014-03-24 21:03:44,0,0,0
42484,1,2014-03-24 21:03:44,0,0,0
42525,1,2014-03-25 15:15:50,0,0,0
42525,1,2014-03-25 15:15:50,0,0,0
42525,1,2014-03-25 15:15:50,0,0,0
42525,1,2014-03-25 15:15:50,0,0,0
42525,1,2014-03-25 15:15:50,0,0,0
42525,1,2014-03-25 15:15:50,0,0,0
42527,1,2014-03-25 15:58:42,0,0,0
42527,1,2014-03-25 15:58:42,0,0,0
42527,1,2014-03-25 15:58:42,0,0,0
42527,1,2014-03-25 15:58:42,0,0,0
42527,1,2014-03-25 15:58:42,0,0,0
42674,3,2014-03-28 01:14:31,0,0,0
42674,3,2014-03-28 01:14:31,0,0,0
42674,3,2014-03-28 01:14:31,0,0,0
42828,1,2014-03-31 16:04:16,0,0,0
42828,1,2014-03-31 16:04:16,0,0,0
42828,1,2014-03-31 16:04:16,0,0,0
42828,1,2014-03-31 16:04:16,0,0,0
42828,1,2014-03-31 16:04:16,0,0,0
42828,1,2014-03-31 16:04:16,0,0,0
42828,1,2014-03-31 16:04:16,0,0,0
42828,1,2014-03-31 16:04:16,0,0,0
42828,1,2014-03-31 16:04:16,0,0,0
42833,1,2014-03-31 17:14:35,0,0,0
42833,1,2014-03-31 17:14:35,0,0,0
42833,1,2014-03-31 17:14:35,0,0,0
42969,6,2014-04-02 16:10:29,0,0,0
43127,1,2014-04-04 15:22:55,1,0,0
43141,1,2014-04-04 18:07:14,0,0,0
43141,1,2014-04-04 18:07:14,0,0,0
43141,1,2014-04-04 18:07:14,0,0,0
43146,1,2014-04-04 20:23:39,2,0,0
43146,1,2014-04-04 20:23:39,2,0,0
43146,1,2014-04-04 20:23:39,2,0,0
43218,1,2014-04-06 23:18:37,0,0,0
43218,1,2014-04-06 23:18:37,0,0,0
43218,1,2014-04-06 23:18:37,0,0,0
43218,1,2014-04-06 23:18:37,0,0,0
43218,1,2014-04-06 23:18:37,0,0,0
43233,1,2014-04-07 05:51:22,0,0,0
43233,1,2014-04-07 05:51:22,0,0,0
43233,1,2014-04-07 05:51:22,0,0,0
43245,1,2014-04-07 12:41:42,0,0,0
43245,1,2014-04-07 12:41:42,0,0,0
43245,1,2014-04-07 12:41:42,0,0,0
43264,1,2014-04-07 15:51:46,0,0,0
43264,1,2014-04-07 15:51:46,0,0,0
43264,1,2014-04-07 15:51:46,0,0,0
43264,1,2014-04-07 15:51:46,0,0,0
43265,1,2014-04-07 16:06:48,0,0,0
43265,1,2014-04-07 16:06:48,0,0,0
43265,1,2014-04-07 16:06:48,0,0,0
43265,1,2014-04-07 16:06:48,0,0,0
43265,1,2014-04-07 16:06:48,0,0,0
43271,1,2014-04-07 16:18:49,0,0,0
43271,1,2014-04-07 16:18:49,0,0,0
43271,1,2014-04-07 16:18:49,0,0,0
43271,1,2014-04-07 16:18:49,0,0,0
43271,1,2014-04-07 16:18:49,0,0,0
43312,1,2014-04-07 22:10:55,0,0,0
43312,1,2014-04-07 22:10:55,0,0,0
43423,6,2014-04-09 00:29:03,1,0,0
43423,6,2014-04-09 00:29:03,1,0,0
43423,6,2014-04-09 00:29:03,1,0,0
43423,6,2014-04-09 00:29:03,1,0,0
43423,6,2014-04-09 00:29:03,1,0,0
43423,6,2014-04-09 00:29:03,1,0,0
43568,1,2014-04-10 18:24:50,0,0,0
43568,1,2014-04-10 18:24:50,0,0,0
43568,1,2014-04-10 18:24:50,0,0,0
43568,1,2014-04-10 18:24:50,0,0,0
43568,1,2014-04-10 18:24:50,0,0,0
43568,1,2014-04-10 18:24:50,0,0,0
43568,1,2014-04-10 18:24:50,0,0,0
43623,101,2014-04-11 14:29:27,0,3,0
43623,101,2014-04-11 14:29:27,0,3,0
43623,101,2014-04-11 14:29:27,0,3,0
43623,101,2014-04-11 14:29:27,0,3,0
43623,101,2014-04-11 14:29:27,0,3,0
43623,101,2014-04-11 14:29:27,0,3,0
43675,1,2014-04-12 17:37:02,0,0,0
43675,1,2014-04-12 17:37:02,0,0,0
43675,1,2014-04-12 17:37:02,0,0,0
43675,1,2014-04-12 17:37:02,0,0,0
43675,1,2014-04-12 17:37:02,0,0,0
43729,3,2014-04-14 00:00:09,0,0,0
43810,6,2014-04-15 07:59:41,0,0,0
43810,6,2014-04-15 07:59:41,0,0,0
43810,6,2014-04-15 07:59:41,0,0,0
43810,6,2014-04-15 07:59:41,0,0,0
43824,20,2014-04-15 13:27:17,10,3,0
43824,20,2014-04-15 13:27:17,10,3,0
43824,20,2014-04-15 13:27:17,10,3,0
43824,20,2014-04-15 13:27:17,10,3,0
43824,20,2014-04-15 13:27:17,10,3,0
43824,20,2014-04-15 13:27:17,10,3,0
43824,20,2014-04-15 13:27:17,10,3,0
43824,20,2014-04-15 13:27:17,10,3,0
44092,8,2014-04-19 17:34:06,0,0,0
44421,1,2014-04-24 15:54:13,0,0,0
44421,1,2014-04-24 15:54:13,0,0,0
44421,1,2014-04-24 15:54:13,0,0,0
44422,16,2014-04-24 15:54:49,5,0,0
44422,16,2014-04-24 15:54:49,5,0,0
44519,1,2014-04-26 16:01:41,0,0,0
44519,1,2014-04-26 16:01:41,0,0,0
44519,1,2014-04-26 16:01:41,0,0,0
44519,1,2014-04-26 16:01:41,0,0,0
44579,1,2014-04-28 07:59:56,2,0,0
44579,1,2014-04-28 07:59:56,2,0,0
44579,1,2014-04-28 07:59:56,2,0,0
44579,1,2014-04-28 07:59:56,2,0,0
44579,1,2014-04-28 07:59:56,2,0,0
44579,1,2014-04-28 07:59:56,2,0,0
44579,1,2014-04-28 07:59:56,2,0,0
44684,1,2014-04-29 19:41:25,0,0,0
44684,1,2014-04-29 19:41:25,0,0,0
44684,1,2014-04-29 19:41:25,0,0,0
44693,1,2014-04-29 21:47:19,0,0,0
44693,1,2014-04-29 21:47:19,0,0,0
44693,1,2014-04-29 21:47:19,0,0,0
44693,1,2014-04-29 21:47:19,0,0,0
44693,1,2014-04-29 21:47:19,0,0,0
44693,1,2014-04-29 21:47:19,0,0,0
44784,26,2014-05-01 15:29:05,2,0,0
44784,26,2014-05-01 15:29:05,2,0,0
44784,26,2014-05-01 15:29:05,2,0,0
44916,1,2014-05-04 02:44:39,0,0,0
44917,11,2014-05-04 02:56:38,0,0,0
44917,11,2014-05-04 02:56:38,0,0,0
44917,11,2014-05-04 02:56:38,0,0,0
44917,11,2014-05-04 02:56:38,0,0,0
44917,11,2014-05-04 02:56:38,0,0,0
44917,11,2014-05-04 02:56:38,0,0,0
44917,11,2014-05-04 02:56:38,0,0,0
44917,11,2014-05-04 02:56:38,0,0,0
45042,1,2014-05-06 03:59:54,0,0,0
45042,1,2014-05-06 03:59:54,0,0,0
45042,1,2014-05-06 03:59:54,0,0,0
45042,1,2014-05-06 03:59:54,0,0,0
45042,1,2014-05-06 03:59:54,0,0,0
45042,1,2014-05-06 03:59:54,0,0,0
45042,1,2014-05-06 03:59:54,0,0,0
45156,8,2014-05-07 22:25:22,0,0,0
45156,8,2014-05-07 22:25:22,0,0,0
45156,8,2014-05-07 22:25:22,0,0,0
45156,8,2014-05-07 22:25:22,0,0,0
45173,16,2014-05-08 03:20:40,0,0,0
45173,16,2014-05-08 03:20:40,0,0,0
45173,16,2014-05-08 03:20:40,0,0,0
45173,16,2014-05-08 03:20:40,0,0,0
45173,16,2014-05-08 03:20:40,0,0,0
45173,16,2014-05-08 03:20:40,0,0,0
45315,101,2014-05-10 04:40:59,1,0,0
45315,101,2014-05-10 04:40:59,1,0,0
45315,101,2014-05-10 04:40:59,1,0,0
45315,101,2014-05-10 04:40:59,1,0,0
45315,101,2014-05-10 04:40:59,1,0,0
45315,101,2014-05-10 04:40:59,1,0,0
45468,1,2014-05-13 09:08:00,0,0,0
45468,1,2014-05-13 09:08:00,0,0,0
45468,1,2014-05-13 09:08:00,0,0,0
45468,1,2014-05-13 09:08:00,0,0,0
45468,1,2014-05-13 09:08:00,0,0,0
45468,1,2014-05-13 09:08:00,0,0,0
45472,1,2014-05-13 11:02:51,0,0,0
45472,1,2014-05-13 11:02:51,0,0,0
45472,1,2014-05-13 11:02:51,0,0,0
45472,1,2014-05-13 11:02:51,0,0,0
45472,1,2014-05-13 11:02:51,0,0,0
45472,1,2014-05-13 11:02:51,0,0,0
45494,1,2014-05-13 15:35:59,0,0,0
45494,1,2014-05-13 15:35:59,0,0,0
45494,1,2014-05-13 15:35:59,0,0,0
45657,1,2014-05-16 13:32:38,0,0,0
45657,1,2014-05-16 13:32:38,0,0,0
45657,1,2014-05-16 13:32:38,0,0,0
45657,1,2014-05-16 13:32:38,0,0,0
45819,6,2014-05-19 20:23:02,0,0,0
45819,6,2014-05-19 20:23:02,0,0,0
45819,6,2014-05-19 20:23:02,0,0,0
45819,6,2014-05-19 20:23:02,0,0,0
45819,6,2014-05-19 20:23:02,0,0,0
45819,6,2014-05-19 20:23:02,0,0,0
45825,6,2014-05-19 22:28:14,0,0,0
45881,1,2014-05-20 19:29:50,0,0,0
45881,1,2014-05-20 19:29:50,0,0,0
45881,1,2014-05-20 19:29:50,0,0,0
45947,1,2014-05-21 19:04:30,0,0,0
45947,1,2014-05-21 19:04:30,0,0,0
45947,1,2014-05-21 19:04:30,0,0,0
45963,101,2014-05-21 21:58:06,1,0,0
45963,101,2014-05-21 21:58:06,1,0,0
45963,101,2014-05-21 21:58:06,1,0,0
45963,101,2014-05-21 21:58:06,1,0,0
45963,101,2014-05-21 21:58:06,1,0,0
45963,101,2014-05-21 21:58:06,1,0,0
45963,101,2014-05-21 21:58:06,1,0,0
45963,101,2014-05-21 21:58:06,1,0,0
45963,101,2014-05-21 21:58:06,1,0,0
45963,101,2014-05-21 21:58:06,1,0,0
45964,6,2014-05-21 22:28:27,0,0,0
45964,6,2014-05-21 22:28:27,0,0,0
45964,6,2014-05-21 22:28:27,0,0,0
45964,6,2014-05-21 22:28:27,0,0,0
45964,6,2014-05-21 22:28:27,0,0,0
45964,6,2014-05-21 22:28:27,0,0,0
45964,6,2014-05-21 22:28:27,0,0,0
45964,6,2014-05-21 22:28:27,0,0,0
45964,6,2014-05-21 22:28:27,0,0,0
45964,6,2014-05-21 22:28:27,0,0,0
46002,6,2014-05-22 13:36:52,0,0,0
46002,6,2014-05-22 13:36:52,0,0,0
46002,6,2014-05-22 13:36:52,0,0,0
46002,6,2014-05-22 13:36:52,0,0,0
46155,1,2014-05-25 20:26:35,0,0,0
46155,1,2014-05-25 20:26:35,0,0,0
46155,1,2014-05-25 20:26:35,0,0,0
46155,1,2014-05-25 20:26:35,0,0,0
46578,101,2014-06-02 18:57:11,0,1,0
46578,101,2014-06-02 18:57:11,0,1,0
46578,101,2014-06-02 18:57:11,0,1,0
46578,101,2014-06-02 18:57:11,0,1,0
46578,101,2014-06-02 18:57:11,0,1,0
46578,101,2014-06-02 18:57:11,0,1,0
46751,1,2014-06-05 03:41:49,0,0,0
46751,1,2014-06-05 03:41:49,0,0,0
46751,1,2014-06-05 03:41:49,0,0,0
46751,1,2014-06-05 03:41:49,0,0,0
46825,1,2014-06-05 23:59:12,0,0,0
46854,1,2014-06-06 09:48:31,0,0,0
46854,1,2014-06-06 09:48:31,0,0,0
46854,1,2014-06-06 09:48:31,0,0,0
46854,1,2014-06-06 09:48:31,0,0,0
46854,1,2014-06-06 09:48:31,0,0,0
48281,3,2014-06-12 18:57:09,1,0,0
48282,1,2014-06-12 18:57:19,0,0,0
48282,1,2014-06-12 18:57:19,0,0,0
48282,1,2014-06-12 18:57:19,0,0,0
48282,1,2014-06-12 18:57:19,0,0,0
48336,1,2014-06-13 16:26:25,1,0,0
48336,1,2014-06-13 16:26:25,1,0,0
48336,1,2014-06-13 16:26:25,1,0,0
48336,1,2014-06-13 16:26:25,1,0,0
48336,1,2014-06-13 16:26:25,1,0,0
48507,1,2014-06-17 13:35:22,0,0,0
48572,11,2014-06-18 11:57:18,0,0,0
48572,11,2014-06-18 11:57:18,0,0,0
48572,11,2014-06-18 11:57:18,0,0,0
48572,11,2014-06-18 11:57:18,0,0,0
48772,1,2014-06-21 16:04:11,0,0,0
48772,1,2014-06-21 16:04:11,0,0,0
48772,1,2014-06-21 16:04:11,0,0,0
48772,1,2014-06-21 16:04:11,0,0,0
49026,111,2014-06-26 03:05:03,1,1,0
49026,111,2014-06-26 03:05:03,1,1,0
49026,111,2014-06-26 03:05:03,1,1,0
49074,1,2014-06-26 19:34:55,0,0,0
49074,1,2014-06-26 19:34:55,0,0,0
49074,1,2014-06-26 19:34:55,0,0,0
49074,1,2014-06-26 19:34:55,0,0,0
49082,1,2014-06-26 20:41:49,0,0,0
49082,1,2014-06-26 20:41:49,0,0,0
49082,1,2014-06-26 20:41:49,0,0,0
49082,1,2014-06-26 20:41:49,0,0,0
49154,1,2014-06-27 23:11:16,0,0,0
49154,1,2014-06-27 23:11:16,0,0,0
49156,1,2014-06-28 00:25:01,0,0,0
49156,1,2014-06-28 00:25:01,0,0,0
49156,1,2014-06-28 00:25:01,0,0,0
49156,1,2014-06-28 00:25:01,0,0,0
49156,1,2014-06-28 00:25:01,0,0,0
49156,1,2014-06-28 00:25:01,0,0,0
49156,1,2014-06-28 00:25:01,0,0,0
49393,6,2014-07-02 17:54:34,2,0,0
49393,6,2014-07-02 17:54:34,2,0,0
49393,6,2014-07-02 17:54:34,2,0,0
49393,6,2014-07-02 17:54:34,2,0,0
49393,6,2014-07-02 17:54:34,2,0,0
49425,1,2014-07-03 07:25:19,0,0,0
49425,1,2014-07-03 07:25:19,0,0,0
49548,21,2014-07-05 09:06:09,0,0,0
49548,21,2014-07-05 09:06:09,0,0,0
49548,21,2014-07-05 09:06:09,0,0,0
49548,21,2014-07-05 09:06:09,0,0,0
49548,21,2014-07-05 09:06:09,0,0,0
49795,101,2014-07-09 14:58:53,0,0,0
49795,101,2014-07-09 14:58:53,0,0,0
49795,101,2014-07-09 14:58:53,0,0,0
49795,101,2014-07-09 14:58:53,0,0,0
49795,101,2014-07-09 14:58:53,0,0,0
51901,1,2014-07-11 04:44:43,0,0,0
51901,1,2014-07-11 04:44:43,0,0,0
51974,1,2014-07-12 19:54:33,0,0,0
51974,1,2014-07-12 19:54:33,0,0,0
51974,1,2014-07-12 19:54:33,0,0,0
51993,101,2014-07-13 06:52:15,1,0,0
51993,101,2014-07-13 06:52:15,1,0,0
51993,101,2014-07-13 06:52:15,1,0,0
51993,101,2014-07-13 06:52:15,1,0,0
51993,101,2014-07-13 06:52:15,1,0,0
51993,101,2014-07-13 06:52:15,1,0,0
52001,12,2014-07-13 11:38:53,1,0,0
52001,12,2014-07-13 11:38:53,1,0,0
52001,12,2014-07-13 11:38:53,1,0,0
52001,12,2014-07-13 11:38:53,1,0,0
52001,12,2014-07-13 11:38:53,1,0,0
52001,12,2014-07-13 11:38:53,1,0,0
52021,1,2014-07-13 23:02:28,0,0,0
52033,1,2014-07-14 08:14:46,0,0,0
52033,1,2014-07-14 08:14:46,0,0,0
52033,1,2014-07-14 08:14:46,0,0,0
52033,1,2014-07-14 08:14:46,0,0,0
52033,1,2014-07-14 08:14:46,0,0,0
52033,1,2014-07-14 08:14:46,0,0,0
52147,101,2014-07-15 18:47:19,0,0,0
52147,101,2014-07-15 18:47:19,0,0,0
52147,101,2014-07-15 18:47:19,0,0,0
52147,101,2014-07-15 18:47:19,0,0,0
52279,1,2014-07-17 15:38:19,2,0,0
52279,1,2014-07-17 15:38:19,2,0,0
52279,1,2014-07-17 15:38:19,2,0,0
52279,1,2014-07-17 15:38:19,2,0,0
52279,1,2014-07-17 15:38:19,2,0,0
52279,1,2014-07-17 15:38:19,2,0,0
52326,1,2014-07-18 12:04:48,0,0,0
52326,1,2014-07-18 12:04:48,0,0,0
52326,1,2014-07-18 12:04:48,0,0,0
52326,1,2014-07-18 12:04:48,0,0,0
52326,1,2014-07-18 12:04:48,0,0,0
52326,1,2014-07-18 12:04:48,0,0,0
52541,6,2014-07-22 13:53:59,0,0,0
52541,6,2014-07-22 13:53:59,0,0,0
52541,6,2014-07-22 13:53:59,0,0,0
52541,6,2014-07-22 13:53:59,0,0,0
52541,6,2014-07-22 13:53:59,0,0,0
52680,1,2014-07-24 02:30:33,0,0,0
52680,1,2014-07-24 02:30:33,0,0,0
52680,1,2014-07-24 02:30:33,0,0,0
52680,1,2014-07-24 02:30:33,0,0,0
52721,108,2014-07-24 14:03:51,0,0,0
52721,108,2014-07-24 14:03:51,0,0,0
52721,108,2014-07-24 14:03:51,0,0,0
52721,108,2014-07-24 14:03:51,0,0,0
52780,1,2014-07-25 07:57:57,0,0,0
52780,1,2014-07-25 07:57:57,0,0,0
52780,1,2014-07-25 07:57:57,0,0,0
52780,1,2014-07-25 07:57:57,0,0,0
52780,1,2014-07-25 07:57:57,0,0,0
52806,11,2014-07-25 15:27:57,0,0,0
52806,11,2014-07-25 15:27:57,0,0,0
52806,11,2014-07-25 15:27:57,0,0,0
52806,11,2014-07-25 15:27:57,0,0,0
52967,1,2014-07-28 18:19:46,0,0,0
52967,1,2014-07-28 18:19:46,0,0,0
52967,1,2014-07-28 18:19:46,0,0,0
52967,1,2014-07-28 18:19:46,0,0,0
52982,101,2014-07-28 20:40:00,1,3,0
53190,101,2014-07-31 17:07:30,0,0,0
53190,101,2014-07-31 17:07:30,0,0,0
53190,101,2014-07-31 17:07:30,0,0,0
53221,101,2014-08-01 07:38:52,0,2,0
53221,101,2014-08-01 07:38:52,0,2,0
53221,101,2014-08-01 07:38:52,0,2,0
53221,101,2014-08-01 07:38:52,0,2,0
53221,101,2014-08-01 07:38:52,0,2,0
53221,101,2014-08-01 07:38:52,0,2,0
53611,1,2014-08-07 07:57:42,0,0,0
53611,1,2014-08-07 07:57:42,0,0,0
53611,1,2014-08-07 07:57:42,0,0,0
53611,1,2014-08-07 07:57:42,0,0,0
53724,1,2014-08-08 17:51:23,0,0,0
53724,1,2014-08-08 17:51:23,0,0,0
53724,1,2014-08-08 17:51:23,0,0,0
53724,1,2014-08-08 17:51:23,0,0,0
53731,1,2014-08-08 20:03:09,0,0,0
53731,1,2014-08-08 20:03:09,0,0,0
53731,1,2014-08-08 20:03:09,0,0,0
53731,1,2014-08-08 20:03:09,0,0,0
53947,11,2014-08-12 20:14:40,1,0,0
53947,11,2014-08-12 20:14:40,1,0,0
53947,11,2014-08-12 20:14:40,1,0,0
53991,1,2014-08-13 13:17:17,0,0,0
53991,1,2014-08-13 13:17:17,0,0,0
53991,1,2014-08-13 13:17:17,0,0,0
54038,6,2014-08-14 00:32:49,0,0,0
54038,6,2014-08-14 00:32:49,0,0,0
54038,6,2014-08-14 00:32:49,0,0,0
54038,6,2014-08-14 00:32:49,0,0,0
54038,6,2014-08-14 00:32:49,0,0,0
54038,6,2014-08-14 00:32:49,0,0,0
54066,1,2014-08-14 09:08:57,2,0,0
54066,1,2014-08-14 09:08:57,2,0,0
54274,1,2014-08-18 15:15:44,0,0,0
54274,1,2014-08-18 15:15:44,0,0,0
54274,1,2014-08-18 15:15:44,0,0,0
54274,1,2014-08-18 15:15:44,0,0,0
54274,1,2014-08-18 15:15:44,0,0,0
54274,1,2014-08-18 15:15:44,0,0,0
54274,1,2014-08-18 15:15:44,0,0,0
54274,1,2014-08-18 15:15:44,0,0,0
54274,1,2014-08-18 15:15:44,0,0,0
54578,113,2014-08-23 19:21:23,1,3,0
54578,113,2014-08-23 19:21:23,1,3,0
54578,113,2014-08-23 19:21:23,1,3,0
54669,26,2014-08-25 14:43:43,1,2,0
54669,26,2014-08-25 14:43:43,1,2,0
54669,26,2014-08-25 14:43:43,1,2,0
54669,26,2014-08-25 14:43:43,1,2,0
54669,26,2014-08-25 14:43:43,1,2,0
54727,6,2014-08-26 13:52:27,0,0,0
54727,6,2014-08-26 13:52:27,0,0,0
54827,101,2014-08-27 22:08:41,0,4,0
54827,101,2014-08-27 22:08:41,0,4,0
54827,101,2014-08-27 22:08:41,0,4,0
54827,101,2014-08-27 22:08:41,0,4,0
54833,1,2014-08-28 03:16:05,0,0,0
54833,1,2014-08-28 03:16:05,0,0,0
54833,1,2014-08-28 03:16:05,0,0,0
54833,1,2014-08-28 03:16:05,0,0,0
54833,1,2014-08-28 03:16:05,0,0,0
55036,1,2014-09-01 15:29:21,0,0,0
55036,1,2014-09-01 15:29:21,0,0,0
55036,1,2014-09-01 15:29:21,0,0,0
55036,1,2014-09-01 15:29:21,0,0,0
55039,1,2014-09-01 16:05:09,0,0,0
55039,1,2014-09-01 16:05:09,0,0,0
55039,1,2014-09-01 16:05:09,0,0,0
55039,1,2014-09-01 16:05:09,0,0,0
55039,1,2014-09-01 16:05:09,0,0,0
55039,1,2014-09-01 16:05:09,0,0,0
55039,1,2014-09-01 16:05:09,0,0,0
55148,1,2014-09-03 08:42:55,0,0,0
55148,1,2014-09-03 08:42:55,0,0,0
55148,1,2014-09-03 08:42:55,0,0,0
55403,1,2014-09-08 11:30:07,0,0,0
55403,1,2014-09-08 11:30:07,0,0,0
55403,1,2014-09-08 11:30:07,0,0,0
55403,1,2014-09-08 11:30:07,0,0,0
55519,8,2014-09-10 10:57:55,0,0,0
7006,1,2011-10-23 10:28:16,1,0,0
7006,1,2011-10-23 10:28:16,1,0,0
7006,1,2011-10-23 10:28:16,1,0,0
11608,111,2012-05-28 21:34:11,0,1,0
11608,111,2012-05-28 21:34:11,0,1,0
11608,111,2012-05-28 21:34:11,0,1,0
11608,111,2012-05-28 21:34:11,0,1,0
11608,111,2012-05-28 21:34:11,0,1,0
11608,111,2012-05-28 21:34:11,0,1,0
12886,1,2012-07-26 19:19:54,2,0,0
12886,1,2012-07-26 19:19:54,2,0,0
12886,1,2012-07-26 19:19:54,2,0,0
12886,1,2012-07-26 19:19:54,2,0,0
12886,1,2012-07-26 19:19:54,2,0,0
12886,1,2012-07-26 19:19:54,2,0,0
12960,111,2012-07-30 12:01:54,2,9,0
12960,111,2012-07-30 12:01:54,2,9,0
12960,111,2012-07-30 12:01:54,2,9,0
14331,1,2012-09-24 09:18:55,1,0,0
14331,1,2012-09-24 09:18:55,1,0,0
14331,1,2012-09-24 09:18:55,1,0,0
14331,1,2012-09-24 09:18:55,1,0,0
14331,1,2012-09-24 09:18:55,1,0,0
16866,1,2012-11-15 02:55:19,0,0,0
26735,1,2013-06-11 13:04:10,0,0,0
26735,1,2013-06-11 13:04:10,0,0,0
26735,1,2013-06-11 13:04:10,0,0,0
26735,1,2013-06-11 13:04:10,0,0,0
26735,1,2013-06-11 13:04:10,0,0,0
26735,1,2013-06-11 13:04:10,0,0,0
26776,182,2013-06-12 04:24:08,15,19,0
26776,182,2013-06-12 04:24:08,15,19,0
27957,106,2013-07-12 14:35:03,1,0,0
27957,106,2013-07-12 14:35:03,1,0,0
27957,106,2013-07-12 14:35:03,1,0,0
30726,101,2013-09-25 23:50:32,2,1,0
30726,101,2013-09-25 23:50:32,2,1,0
30726,101,2013-09-25 23:50:32,2,1,0
30726,101,2013-09-25 23:50:32,2,1,0
30726,101,2013-09-25 23:50:32,2,1,0
30726,101,2013-09-25 23:50:32,2,1,0
34988,1,2013-11-19 02:32:39,1,0,0
34988,1,2013-11-19 02:32:39,1,0,0
34988,1,2013-11-19 02:32:39,1,0,0
34988,1,2013-11-19 02:32:39,1,0,0
34988,1,2013-11-19 02:32:39,1,0,0
34988,1,2013-11-19 02:32:39,1,0,0
34988,1,2013-11-19 02:32:39,1,0,0
34988,1,2013-11-19 02:32:39,1,0,0
38331,1,2014-02-01 05:02:13,0,0,0
38331,1,2014-02-01 05:02:13,0,0,0
38331,1,2014-02-01 05:02:13,0,0,0
38375,1,2014-02-02 04:38:19,0,0,0
38375,1,2014-02-02 04:38:19,0,0,0
38375,1,2014-02-02 04:38:19,0,0,0
38454,1,2014-02-03 15:34:29,0,0,0
38454,1,2014-02-03 15:34:29,0,0,0
38454,1,2014-02-03 15:34:29,0,0,0
38454,1,2014-02-03 15:34:29,0,0,0
38454,1,2014-02-03 15:34:29,0,0,0
41244,1,2014-03-03 13:16:00,0,0,0
41244,1,2014-03-03 13:16:00,0,0,0
41244,1,2014-03-03 13:16:00,0,0,0
42607,1,2014-03-26 22:10:45,5,0,0
42607,1,2014-03-26 22:10:45,5,0,0
42607,1,2014-03-26 22:10:45,5,0,0
42607,1,2014-03-26 22:10:45,5,0,0
42607,1,2014-03-26 22:10:45,5,0,0
42607,1,2014-03-26 22:10:45,5,0,0
45896,31,2014-05-21 02:17:34,3,0,0
48631,1,2014-06-19 03:54:28,0,0,0
48631,1,2014-06-19 03:54:28,0,0,0
48631,1,2014-06-19 03:54:28,0,0,0
15974,101,2012-10-16 04:49:04,0,3,0
28093,11,2013-07-16 14:37:10,4,0,0
28093,11,2013-07-16 14:37:10,4,0,0
28093,11,2013-07-16 14:37:10,4,0,0
28093,11,2013-07-16 14:37:10,4,0,0
30494,130,2013-09-19 21:52:07,8,12,0
30494,130,2013-09-19 21:52:07,8,12,0
30494,130,2013-09-19 21:52:07,8,12,0
30494,130,2013-09-19 21:52:07,8,12,0
30494,130,2013-09-19 21:52:07,8,12,0
30494,130,2013-09-19 21:52:07,8,12,0
30494,130,2013-09-19 21:52:07,8,12,0
30494,130,2013-09-19 21:52:07,8,12,0
30494,130,2013-09-19 21:52:07,8,12,0
30494,130,2013-09-19 21:52:07,8,12,0
30498,1,2013-09-19 23:15:12,7,0,0
30498,1,2013-09-19 23:15:12,7,0,0
30498,1,2013-09-19 23:15:12,7,0,0
30498,1,2013-09-19 23:15:12,7,0,0
30498,1,2013-09-19 23:15:12,7,0,0
30559,1,2013-09-22 07:09:57,0,0,0
30559,1,2013-09-22 07:09:57,0,0,0
30559,1,2013-09-22 07:09:57,0,0,0
31552,6,2013-10-16 03:44:01,2,0,0
31552,6,2013-10-16 03:44:01,2,0,0
34892,101,2013-11-16 15:08:31,1,0,0
34892,101,2013-11-16 15:08:31,1,0,0
35449,1,2013-11-28 17:23:55,0,0,0
35449,1,2013-11-28 17:23:55,0,0,0
35449,1,2013-11-28 17:23:55,0,0,0
35449,1,2013-11-28 17:23:55,0,0,0
35449,1,2013-11-28 17:23:55,0,0,0
35449,1,2013-11-28 17:23:55,0,0,0
35449,1,2013-11-28 17:23:55,0,0,0
35449,1,2013-11-28 17:23:55,0,0,0
40138,51,2014-02-12 18:38:37,1,1,0
40138,51,2014-02-12 18:38:37,1,1,0
44841,1,2014-05-02 14:29:03,0,0,0
44841,1,2014-05-02 14:29:03,0,0,0
45899,101,2014-05-21 03:20:04,0,0,0
45899,101,2014-05-21 03:20:04,0,0,0
45899,101,2014-05-21 03:20:04,0,0,0
45899,101,2014-05-21 03:20:04,0,0,0
45899,101,2014-05-21 03:20:04,0,0,0
45899,101,2014-05-21 03:20:04,0,0,0
45899,101,2014-05-21 03:20:04,0,0,0
54877,1,2014-08-28 18:34:43,1,0,0
55519,8,2014-09-10 10:57:55,0,0,0
55519,8,2014-09-10 10:57:55,0,0,0
55519,8,2014-09-10 10:57:55,0,0,0
55519,8,2014-09-10 10:57:55,0,0,0
55519,8,2014-09-10 10:57:55,0,0,0
55519,8,2014-09-10 10:57:55,0,0,0
2145,101,2010-11-26 03:34:11,1,0,0
4466,1,2011-05-04 17:01:16,0,0,0
4466,1,2011-05-04 17:01:16,0,0,0
4466,1,2011-05-04 17:01:16,0,0,0
4466,1,2011-05-04 17:01:16,0,0,0
4466,1,2011-05-04 17:01:16,0,0,0
4466,1,2011-05-04 17:01:16,0,0,0
4466,1,2011-05-04 17:01:16,0,0,0
4466,1,2011-05-04 17:01:16,0,0,0
8800,63,2012-01-28 20:57:12,5,1,0
8800,63,2012-01-28 20:57:12,5,1,0
8800,63,2012-01-28 20:57:12,5,1,0
8800,63,2012-01-28 20:57:12,5,1,0
8800,63,2012-01-28 20:57:12,5,1,0
12308,6,2012-06-29 18:22:13,1,0,0
12308,6,2012-06-29 18:22:13,1,0,0
12308,6,2012-06-29 18:22:13,1,0,0
12308,6,2012-06-29 18:22:13,1,0,0
12308,6,2012-06-29 18:22:13,1,0,0
12308,6,2012-06-29 18:22:13,1,0,0
12308,6,2012-06-29 18:22:13,1,0,0
21522,101,2013-03-04 12:10:41,0,6,0
21522,101,2013-03-04 12:10:41,0,6,0
22470,1,2013-03-25 01:28:08,0,0,0
22470,1,2013-03-25 01:28:08,0,0,0
22470,1,2013-03-25 01:28:08,0,0,0
22470,1,2013-03-25 01:28:08,0,0,0
22470,1,2013-03-25 01:28:08,0,0,0
23914,1,2013-04-04 15:00:24,0,0,0
29694,126,2013-08-29 19:32:40,5,10,0
29694,126,2013-08-29 19:32:40,5,10,0
29694,126,2013-08-29 19:32:40,5,10,0
29694,126,2013-08-29 19:32:40,5,10,0
37080,11,2014-01-09 14:44:05,0,0,0
37080,11,2014-01-09 14:44:05,0,0,0
37080,11,2014-01-09 14:44:05,0,0,0
37080,11,2014-01-09 14:44:05,0,0,0
37080,11,2014-01-09 14:44:05,0,0,0
41851,6,2014-03-13 12:24:32,0,0,0
41851,6,2014-03-13 12:24:32,0,0,0
41851,6,2014-03-13 12:24:32,0,0,0
45015,1,2014-05-05 18:39:19,0,0,0
45015,1,2014-05-05 18:39:19,0,0,0
45015,1,2014-05-05 18:39:19,0,0,0
45984,1,2014-05-22 09:48:24,1,0,0
45984,1,2014-05-22 09:48:24,1,0,0
45984,1,2014-05-22 09:48:24,1,0,0
49835,1,2014-07-10 03:09:12,0,0,0
49835,1,2014-07-10 03:09:12,0,0,0
49835,1,2014-07-10 03:09:12,0,0,0
49835,1,2014-07-10 03:09:12,0,0,0
557,1273,2010-07-28 15:54:59,142,58,0
557,1273,2010-07-28 15:54:59,142,58,0
557,1273,2010-07-28 15:54:59,142,58,0
557,1273,2010-07-28 15:54:59,142,58,0
779,103,2010-08-05 21:21:27,0,1,1
779,103,2010-08-05 21:21:27,0,1,1
779,103,2010-08-05 21:21:27,0,1,1
779,103,2010-08-05 21:21:27,0,1,1
779,103,2010-08-05 21:21:27,0,1,1
779,103,2010-08-05 21:21:27,0,1,1
779,103,2010-08-05 21:21:27,0,1,1
4543,1,2011-05-10 03:47:49,1,0,0
4543,1,2011-05-10 03:47:49,1,0,0
4543,1,2011-05-10 03:47:49,1,0,0
6922,101,2011-10-18 21:21:18,7,0,0
6922,101,2011-10-18 21:21:18,7,0,0
6922,101,2011-10-18 21:21:18,7,0,0
7201,41,2011-11-03 19:35:50,7,0,0
7201,41,2011-11-03 19:35:50,7,0,0
11783,101,2012-06-05 22:24:38,2,0,0
11783,101,2012-06-05 22:24:38,2,0,0
11783,101,2012-06-05 22:24:38,2,0,0
11783,101,2012-06-05 22:24:38,2,0,0
11783,101,2012-06-05 22:24:38,2,0,0
12866,36,2012-07-26 09:25:05,1,0,0
12866,36,2012-07-26 09:25:05,1,0,0
12866,36,2012-07-26 09:25:05,1,0,0
12866,36,2012-07-26 09:25:05,1,0,0
12866,36,2012-07-26 09:25:05,1,0,0
13157,1,2012-08-08 12:16:48,0,0,0
13157,1,2012-08-08 12:16:48,0,0,0
13157,1,2012-08-08 12:16:48,0,0,0
13157,1,2012-08-08 12:16:48,0,0,0
13157,1,2012-08-08 12:16:48,0,0,0
13157,1,2012-08-08 12:16:48,0,0,0
17253,23,2012-11-27 20:57:37,0,2,0
17253,23,2012-11-27 20:57:37,0,2,0
17253,23,2012-11-27 20:57:37,0,2,0
17253,23,2012-11-27 20:57:37,0,2,0
19739,101,2013-01-16 13:41:53,0,0,0
20481,6,2013-02-05 12:36:58,0,0,0
20481,6,2013-02-05 12:36:58,0,0,0
20481,6,2013-02-05 12:36:58,0,0,0
20481,6,2013-02-05 12:36:58,0,0,0
20481,6,2013-02-05 12:36:58,0,0,0
20481,6,2013-02-05 12:36:58,0,0,0
21322,1,2013-02-27 08:39:02,3,0,0
21322,1,2013-02-27 08:39:02,3,0,0
21322,1,2013-02-27 08:39:02,3,0,0
26789,1,2013-06-12 10:58:32,0,0,0
35395,21,2013-11-27 16:34:39,1,2,0
35395,21,2013-11-27 16:34:39,1,2,0
35395,21,2013-11-27 16:34:39,1,2,0
35395,21,2013-11-27 16:34:39,1,2,0
35395,21,2013-11-27 16:34:39,1,2,0
35395,21,2013-11-27 16:34:39,1,2,0
38199,101,2014-01-29 20:35:12,0,0,0
38199,101,2014-01-29 20:35:12,0,0,0
41454,1,2014-03-06 21:27:33,2,0,0
41454,1,2014-03-06 21:27:33,2,0,0
41454,1,2014-03-06 21:27:33,2,0,0
43328,6,2014-04-08 03:28:42,0,0,0
43328,6,2014-04-08 03:28:42,0,0,0
43328,6,2014-04-08 03:28:42,0,0,0
48615,101,2014-06-18 20:42:02,0,0,0
48615,101,2014-06-18 20:42:02,0,0,0
48615,101,2014-06-18 20:42:02,0,0,0
48615,101,2014-06-18 20:42:02,0,0,0
48615,101,2014-06-18 20:42:02,0,0,0
48615,101,2014-06-18 20:42:02,0,0,0
48615,101,2014-06-18 20:42:02,0,0,0
48615,101,2014-06-18 20:42:02,0,0,0
49827,6,2014-07-09 22:55:18,3,0,0
49827,6,2014-07-09 22:55:18,3,0,0
49827,6,2014-07-09 22:55:18,3,0,0
49827,6,2014-07-09 22:55:18,3,0,0
49827,6,2014-07-09 22:55:18,3,0,0
53009,1,2014-07-29 07:28:57,0,0,0
53009,1,2014-07-29 07:28:57,0,0,0
54500,1,2014-08-21 21:22:48,0,0,0
54500,1,2014-08-21 21:22:48,0,0,0
21468,101,2013-03-02 07:50:03,1,0,0
21468,101,2013-03-02 07:50:03,1,0,0
21468,101,2013-03-02 07:50:03,1,0,0
21468,101,2013-03-02 07:50:03,1,0,0
21468,101,2013-03-02 07:50:03,1,0,0
21468,101,2013-03-02 07:50:03,1,0,0
21468,101,2013-03-02 07:50:03,1,0,0
43418,41,2014-04-08 23:12:38,1,2,0
43418,41,2014-04-08 23:12:38,1,2,0
43418,41,2014-04-08 23:12:38,1,2,0
43418,41,2014-04-08 23:12:38,1,2,0
